{"offline_id": "9619de61ab2145c5a9cb73017d46308c", "project_name": "yolov5", "start_time": 1693937522681, "stop_time": 1693937546104, "tags": [], "workspace": null, "resume_strategy": "create", "customer_error_reported": true, "customer_error_message": "Unexpected error detected in the user script: UnicodeDecodeError('cp949', b\"path: ../../../../datasets/sample\\r\\ntrain: images_train\\t(\\xec\\x95\\xbd 600\\xea\\xb0\\x9c)\\r\\nval: images_val (\\xec\\x95\\xbd 100\\xea\\xb0\\x9c)\\r\\ntest: images_te (\\xec\\x95\\xbd 300\\xea\\xb0\\x9c)\\r\\n\\r\\nnc: 1\\t\\t\\t\\t\\t\\t\\t\\t# \\xed\\x81\\xb4\\xeb\\x9e\\x98\\xec\\x8a\\xa4 \\xec\\x88\\x98\\r\\nnames: ['hanging_object']\", 56, 57, 'illegal multibyte sequence')"}