{"payload":{"installed_packages":["attrs==23.1.0","certifi==2023.7.22","charset-normalizer==3.2.0","colorama==0.4.6","comet-ml==3.33.9","configobj==5.0.8","contourpy==1.1.0","cycler==0.11.0","dulwich==0.21.6","everett==3.1.0","filelock==3.12.3","fonttools==4.42.1","gitdb==4.0.10","gitpython==3.1.34","idna==3.4","jinja2==3.1.2","jsonschema-specifications==2023.7.1","jsonschema==4.19.0","kiwisolver==1.4.5","markdown-it-py==3.0.0","markupsafe==2.1.3","matplotlib==3.7.2","mdurl==0.1.2","mpmath==1.3.0","networkx==3.1","numpy==1.25.2","opencv-python==4.8.0.76","packaging==23.1","pandas==2.1.0","pillow==10.0.0","pip==23.2.1","psutil==5.9.5","py-cpuinfo==9.0.0","pygments==2.16.1","pyparsing==3.0.9","python-box==6.1.0","python-dateutil==2.8.2","pytz==2023.3.post1","pyyaml==6.0.1","referencing==0.30.2","requests-toolbelt==1.0.0","requests==2.31.0","rich==13.5.2","rpds-py==0.10.2","scipy==1.11.2","seaborn==0.12.2","semantic-version==2.10.0","sentry-sdk==1.30.0","setuptools==68.0.0","simplejson==3.19.1","six==1.16.0","smmap==5.0.0","sympy==1.12","thop==0.1.1.post2209072238","torch==2.0.1","torchvision==0.15.2","tqdm==4.66.1","typing-extensions==4.7.1","tzdata==2023.3","ultralytics==8.0.171","urllib3==2.0.4","websocket-client==1.3.3","wheel==0.38.4","wrapt==1.15.0","wurlitzer==3.0.3"],"local_timestamp":1693937522683},"type":"ws_msg"}
{"payload":{"env_details":{"command":["./codes/models/yolov5/train.py","--data","./codes/models/yolov5/data/custom_dataset.yaml","--epochs","10"],"env":null,"hostname":"DESKTOP-50UI7PT","ip":"192.168.200.136","machine":"AMD64","os":"Windows-10-10.0.19045-SP0","os_release":"10","os_type":"Windows","pid":38320,"processor":"AMD64 Family 25 Model 33 Stepping 0, AuthenticAMD","python_exe":"C:\\Users\\User\\.conda\\envs\\HOD\\python.exe","python_version":"3.11.4","python_version_verbose":"3.11.4 | packaged by Anaconda, Inc. | (main, Jul  5 2023, 13:47:18) [MSC v.1916 64 bit (AMD64)]","user":"User"},"local_timestamp":1693937522717},"type":"ws_msg"}
{"payload":{"gpu_static_info":[{"gpu_index":0,"name":"NVIDIA GeForce GTX 1660 SUPER","power_limit":125000,"total_memory":6442450944,"uuid":"GPU-ea376e7d-9c3c-1a53-6253-8c41e2920869"}],"local_timestamp":1693937522749},"type":"ws_msg"}
{"payload":{"local_timestamp":1693937522760,"stderr":true,"stdout":"\u001b[1;38;5;214mCOMET WARNING:\u001b[0m You are trying to log string value as a metric. This is not recommended.\n"},"type":"ws_msg"}
{"payload":{"local_timestamp":1693937522760,"metric":{"epoch":null,"metricName":"sys.gpu.0.total_memory","metricValue":6442450944,"step":null}},"type":"metric_msg"}
{"payload":{"local_timestamp":1693937523089,"metric":{"epoch":null,"metricName":"sys.cpu.percent.avg","metricValue":19.366666666666664,"step":null}},"type":"metric_msg"}
{"payload":{"local_timestamp":1693937523089,"metric":{"epoch":null,"metricName":"sys.load.avg","metricValue":0.0,"step":null}},"type":"metric_msg"}
{"payload":{"local_timestamp":1693937523090,"metric":{"epoch":null,"metricName":"sys.ram.total","metricValue":34282385408,"step":null}},"type":"metric_msg"}
{"payload":{"local_timestamp":1693937523090,"metric":{"epoch":null,"metricName":"sys.ram.used","metricValue":15650848768,"step":null}},"type":"metric_msg"}
{"payload":{"local_timestamp":1693937523090,"param":{"paramName":"data","paramValue":"./codes/models/yolov5/data/custom_dataset.yaml","source":"cli","step":null}},"type":"parameter_msg"}
{"payload":{"local_timestamp":1693937523090,"param":{"paramName":"epochs","paramValue":10,"source":"cli","step":null}},"type":"parameter_msg"}
{"payload":{"local_timestamp":1693937523090,"log_other":{"key":"offline_experiment","val":true}},"type":"ws_msg"}
{"payload":{"local_timestamp":1693937523090,"log_other":{"key":"Name","val":"exp"}},"type":"ws_msg"}
{"payload":{"local_timestamp":1693937523094,"stderr":true,"stdout":"Traceback (most recent call last):\n"},"type":"ws_msg"}
{"payload":{"local_timestamp":1693937523094,"stderr":true,"stdout":"  File \"H:\\\ub0b4 \ub4dc\ub77c\uc774\ube0c\\0. Run\\1. Research\\2. HangingObjectDetection\\HOD\\codes\\models\\yolov5\\train.py\", line 647, in <module>\n"},"type":"ws_msg"}
{"payload":{"local_timestamp":1693937523096,"stderr":true,"stdout":"    "},"type":"ws_msg"}
{"payload":{"local_timestamp":1693937523096,"stderr":true,"stdout":"main(opt)"},"type":"ws_msg"}
{"payload":{"local_timestamp":1693937523096,"stderr":true,"stdout":"\n"},"type":"ws_msg"}
{"payload":{"local_timestamp":1693937523097,"stderr":true,"stdout":"  File \"H:\\\ub0b4 \ub4dc\ub77c\uc774\ube0c\\0. Run\\1. Research\\2. HangingObjectDetection\\HOD\\codes\\models\\yolov5\\train.py\", line 536, in main\n"},"type":"ws_msg"}
{"payload":{"local_timestamp":1693937523097,"metric":{"epoch":null,"metricName":"sys.gpu.0.free_memory","metricValue":4421853184,"step":null}},"type":"metric_msg"}
{"payload":{"local_timestamp":1693937523097,"metric":{"epoch":null,"metricName":"sys.gpu.0.gpu_utilization","metricValue":33,"step":null}},"type":"metric_msg"}
{"payload":{"local_timestamp":1693937523098,"metric":{"epoch":null,"metricName":"sys.gpu.0.power_usage","metricValue":15788,"step":null}},"type":"metric_msg"}
{"payload":{"local_timestamp":1693937523098,"metric":{"epoch":null,"metricName":"sys.gpu.0.temperature","metricValue":41,"step":null}},"type":"metric_msg"}
{"payload":{"local_timestamp":1693937523098,"metric":{"epoch":null,"metricName":"sys.gpu.0.used_memory","metricValue":2020597760,"step":null}},"type":"metric_msg"}
{"payload":{"local_timestamp":1693937523099,"stderr":true,"stdout":"    "},"type":"ws_msg"}
{"payload":{"local_timestamp":1693937523099,"stderr":true,"stdout":"train(opt.hyp, opt, device, callbacks)"},"type":"ws_msg"}
{"payload":{"local_timestamp":1693937523100,"stderr":true,"stdout":"\n"},"type":"ws_msg"}
{"payload":{"local_timestamp":1693937523100,"stderr":true,"stdout":"  File \"H:\\\ub0b4 \ub4dc\ub77c\uc774\ube0c\\0. Run\\1. Research\\2. HangingObjectDetection\\HOD\\codes\\models\\yolov5\\train.py\", line 101, in train\n"},"type":"ws_msg"}
{"payload":{"local_timestamp":1693937523101,"stderr":true,"stdout":"    "},"type":"ws_msg"}
{"payload":{"local_timestamp":1693937523101,"stderr":true,"stdout":"loggers = Loggers(save_dir, weights, opt, hyp, LOGGER)  # loggers instance"},"type":"ws_msg"}
{"payload":{"local_timestamp":1693937523102,"stderr":true,"stdout":"\n"},"type":"ws_msg"}
{"payload":{"local_timestamp":1693937523102,"stderr":true,"stdout":" "},"type":"ws_msg"}
{"payload":{"local_timestamp":1693937523102,"stderr":true,"stdout":" "},"type":"ws_msg"}
{"payload":{"local_timestamp":1693937523102,"stderr":true,"stdout":" "},"type":"ws_msg"}
{"payload":{"local_timestamp":1693937523102,"stderr":true,"stdout":" "},"type":"ws_msg"}
{"payload":{"local_timestamp":1693937523102,"stderr":true,"stdout":" "},"type":"ws_msg"}
{"payload":{"local_timestamp":1693937523102,"stderr":true,"stdout":" "},"type":"ws_msg"}
{"payload":{"local_timestamp":1693937523102,"stderr":true,"stdout":" "},"type":"ws_msg"}
{"payload":{"local_timestamp":1693937523102,"stderr":true,"stdout":" "},"type":"ws_msg"}
{"payload":{"local_timestamp":1693937523102,"stderr":true,"stdout":" "},"type":"ws_msg"}
{"payload":{"local_timestamp":1693937523102,"stderr":true,"stdout":" "},"type":"ws_msg"}
{"payload":{"local_timestamp":1693937523102,"stderr":true,"stdout":" "},"type":"ws_msg"}
{"payload":{"local_timestamp":1693937523102,"stderr":true,"stdout":" "},"type":"ws_msg"}
{"payload":{"local_timestamp":1693937523102,"stderr":true,"stdout":" "},"type":"ws_msg"}
{"payload":{"local_timestamp":1693937523102,"stderr":true,"stdout":" "},"type":"ws_msg"}
{"payload":{"local_timestamp":1693937523102,"stderr":true,"stdout":"^"},"type":"ws_msg"}
{"payload":{"local_timestamp":1693937523102,"stderr":true,"stdout":"^"},"type":"ws_msg"}
{"payload":{"local_timestamp":1693937523102,"stderr":true,"stdout":"^"},"type":"ws_msg"}
{"payload":{"local_timestamp":1693937523102,"stderr":true,"stdout":"^"},"type":"ws_msg"}
{"payload":{"local_timestamp":1693937523102,"stderr":true,"stdout":"^"},"type":"ws_msg"}
{"payload":{"local_timestamp":1693937523102,"stderr":true,"stdout":"^"},"type":"ws_msg"}
{"payload":{"local_timestamp":1693937523102,"stderr":true,"stdout":"^"},"type":"ws_msg"}
{"payload":{"local_timestamp":1693937523102,"stderr":true,"stdout":"^"},"type":"ws_msg"}
{"payload":{"local_timestamp":1693937523102,"stderr":true,"stdout":"^"},"type":"ws_msg"}
{"payload":{"local_timestamp":1693937523102,"stderr":true,"stdout":"^"},"type":"ws_msg"}
{"payload":{"local_timestamp":1693937523102,"stderr":true,"stdout":"^"},"type":"ws_msg"}
{"payload":{"local_timestamp":1693937523102,"stderr":true,"stdout":"^"},"type":"ws_msg"}
{"payload":{"local_timestamp":1693937523102,"stderr":true,"stdout":"^"},"type":"ws_msg"}
{"payload":{"local_timestamp":1693937523102,"stderr":true,"stdout":"^"},"type":"ws_msg"}
{"payload":{"local_timestamp":1693937523102,"stderr":true,"stdout":"^"},"type":"ws_msg"}
{"payload":{"local_timestamp":1693937523102,"stderr":true,"stdout":"^"},"type":"ws_msg"}
{"payload":{"local_timestamp":1693937523102,"stderr":true,"stdout":"^"},"type":"ws_msg"}
{"payload":{"local_timestamp":1693937523102,"stderr":true,"stdout":"^"},"type":"ws_msg"}
{"payload":{"local_timestamp":1693937523102,"stderr":true,"stdout":"^"},"type":"ws_msg"}
{"payload":{"local_timestamp":1693937523102,"stderr":true,"stdout":"^"},"type":"ws_msg"}
{"payload":{"local_timestamp":1693937523102,"stderr":true,"stdout":"^"},"type":"ws_msg"}
{"payload":{"local_timestamp":1693937523102,"stderr":true,"stdout":"^"},"type":"ws_msg"}
{"payload":{"local_timestamp":1693937523102,"stderr":true,"stdout":"^"},"type":"ws_msg"}
{"payload":{"local_timestamp":1693937523102,"stderr":true,"stdout":"^"},"type":"ws_msg"}
{"payload":{"local_timestamp":1693937523102,"stderr":true,"stdout":"^"},"type":"ws_msg"}
{"payload":{"local_timestamp":1693937523102,"stderr":true,"stdout":"^"},"type":"ws_msg"}
{"payload":{"local_timestamp":1693937523102,"stderr":true,"stdout":"^"},"type":"ws_msg"}
{"payload":{"local_timestamp":1693937523102,"stderr":true,"stdout":"^"},"type":"ws_msg"}
{"payload":{"local_timestamp":1693937523102,"stderr":true,"stdout":"^"},"type":"ws_msg"}
{"payload":{"local_timestamp":1693937523102,"stderr":true,"stdout":"^"},"type":"ws_msg"}
{"payload":{"local_timestamp":1693937523102,"stderr":true,"stdout":"^"},"type":"ws_msg"}
{"payload":{"local_timestamp":1693937523102,"stderr":true,"stdout":"^"},"type":"ws_msg"}
{"payload":{"local_timestamp":1693937523102,"stderr":true,"stdout":"^"},"type":"ws_msg"}
{"payload":{"local_timestamp":1693937523102,"stderr":true,"stdout":"^"},"type":"ws_msg"}
{"payload":{"local_timestamp":1693937523102,"stderr":true,"stdout":"^"},"type":"ws_msg"}
{"payload":{"local_timestamp":1693937523102,"stderr":true,"stdout":"^"},"type":"ws_msg"}
{"payload":{"local_timestamp":1693937523102,"stderr":true,"stdout":"^"},"type":"ws_msg"}
{"payload":{"local_timestamp":1693937523102,"stderr":true,"stdout":"^"},"type":"ws_msg"}
{"payload":{"local_timestamp":1693937523102,"stderr":true,"stdout":"^"},"type":"ws_msg"}
{"payload":{"local_timestamp":1693937523102,"stderr":true,"stdout":"^"},"type":"ws_msg"}
{"payload":{"local_timestamp":1693937523102,"stderr":true,"stdout":"^"},"type":"ws_msg"}
{"payload":{"local_timestamp":1693937523102,"stderr":true,"stdout":"^"},"type":"ws_msg"}
{"payload":{"local_timestamp":1693937523102,"stderr":true,"stdout":"^"},"type":"ws_msg"}
{"payload":{"local_timestamp":1693937523102,"stderr":true,"stdout":"^"},"type":"ws_msg"}
{"payload":{"local_timestamp":1693937523102,"stderr":true,"stdout":"\n"},"type":"ws_msg"}
{"payload":{"local_timestamp":1693937523103,"stderr":true,"stdout":"  File \"H:\\\ub0b4 \ub4dc\ub77c\uc774\ube0c\\0. Run\\1. Research\\2. HangingObjectDetection\\HOD\\codes\\models\\yolov5\\utils\\loggers\\__init__.py\", line 129, in __init__\n"},"type":"ws_msg"}
{"payload":{"local_timestamp":1693937523112,"stderr":true,"stdout":"    "},"type":"ws_msg"}
{"payload":{"local_timestamp":1693937523112,"stderr":true,"stdout":"self.comet_logger = CometLogger(self.opt, self.hyp)"},"type":"ws_msg"}
{"payload":{"local_timestamp":1693937523114,"stderr":true,"stdout":"\n"},"type":"ws_msg"}
{"payload":{"local_timestamp":1693937523114,"stderr":true,"stdout":" "},"type":"ws_msg"}
{"payload":{"local_timestamp":1693937523114,"stderr":true,"stdout":" "},"type":"ws_msg"}
{"payload":{"local_timestamp":1693937523114,"stderr":true,"stdout":" "},"type":"ws_msg"}
{"payload":{"local_timestamp":1693937523114,"stderr":true,"stdout":" "},"type":"ws_msg"}
{"payload":{"local_timestamp":1693937523114,"stderr":true,"stdout":" "},"type":"ws_msg"}
{"payload":{"local_timestamp":1693937523114,"stderr":true,"stdout":" "},"type":"ws_msg"}
{"payload":{"local_timestamp":1693937523114,"stderr":true,"stdout":" "},"type":"ws_msg"}
{"payload":{"local_timestamp":1693937523114,"stderr":true,"stdout":" "},"type":"ws_msg"}
{"payload":{"local_timestamp":1693937523114,"stderr":true,"stdout":" "},"type":"ws_msg"}
{"payload":{"local_timestamp":1693937523114,"stderr":true,"stdout":" "},"type":"ws_msg"}
{"payload":{"local_timestamp":1693937523114,"stderr":true,"stdout":" "},"type":"ws_msg"}
{"payload":{"local_timestamp":1693937523114,"stderr":true,"stdout":" "},"type":"ws_msg"}
{"payload":{"local_timestamp":1693937523114,"stderr":true,"stdout":" "},"type":"ws_msg"}
{"payload":{"local_timestamp":1693937523114,"stderr":true,"stdout":" "},"type":"ws_msg"}
{"payload":{"local_timestamp":1693937523114,"stderr":true,"stdout":" "},"type":"ws_msg"}
{"payload":{"local_timestamp":1693937523114,"stderr":true,"stdout":" "},"type":"ws_msg"}
{"payload":{"local_timestamp":1693937523114,"stderr":true,"stdout":" "},"type":"ws_msg"}
{"payload":{"local_timestamp":1693937523114,"stderr":true,"stdout":" "},"type":"ws_msg"}
{"payload":{"local_timestamp":1693937523114,"stderr":true,"stdout":" "},"type":"ws_msg"}
{"payload":{"local_timestamp":1693937523114,"stderr":true,"stdout":" "},"type":"ws_msg"}
{"payload":{"local_timestamp":1693937523114,"stderr":true,"stdout":" "},"type":"ws_msg"}
{"payload":{"local_timestamp":1693937523114,"stderr":true,"stdout":" "},"type":"ws_msg"}
{"payload":{"local_timestamp":1693937523114,"stderr":true,"stdout":" "},"type":"ws_msg"}
{"payload":{"local_timestamp":1693937523114,"stderr":true,"stdout":" "},"type":"ws_msg"}
{"payload":{"local_timestamp":1693937523114,"stderr":true,"stdout":"^"},"type":"ws_msg"}
{"payload":{"local_timestamp":1693937523114,"stderr":true,"stdout":"^"},"type":"ws_msg"}
{"payload":{"local_timestamp":1693937523114,"stderr":true,"stdout":"^"},"type":"ws_msg"}
{"payload":{"local_timestamp":1693937523114,"stderr":true,"stdout":"^"},"type":"ws_msg"}
{"payload":{"local_timestamp":1693937523114,"stderr":true,"stdout":"^"},"type":"ws_msg"}
{"payload":{"local_timestamp":1693937523114,"stderr":true,"stdout":"^"},"type":"ws_msg"}
{"payload":{"local_timestamp":1693937523114,"stderr":true,"stdout":"^"},"type":"ws_msg"}
{"payload":{"local_timestamp":1693937523114,"stderr":true,"stdout":"^"},"type":"ws_msg"}
{"payload":{"local_timestamp":1693937523114,"stderr":true,"stdout":"^"},"type":"ws_msg"}
{"payload":{"local_timestamp":1693937523114,"stderr":true,"stdout":"^"},"type":"ws_msg"}
{"payload":{"local_timestamp":1693937523114,"stderr":true,"stdout":"^"},"type":"ws_msg"}
{"payload":{"local_timestamp":1693937523114,"stderr":true,"stdout":"^"},"type":"ws_msg"}
{"payload":{"local_timestamp":1693937523114,"stderr":true,"stdout":"^"},"type":"ws_msg"}
{"payload":{"local_timestamp":1693937523114,"stderr":true,"stdout":"^"},"type":"ws_msg"}
{"payload":{"local_timestamp":1693937523114,"stderr":true,"stdout":"^"},"type":"ws_msg"}
{"payload":{"local_timestamp":1693937523114,"stderr":true,"stdout":"^"},"type":"ws_msg"}
{"payload":{"local_timestamp":1693937523114,"stderr":true,"stdout":"^"},"type":"ws_msg"}
{"payload":{"local_timestamp":1693937523114,"stderr":true,"stdout":"^"},"type":"ws_msg"}
{"payload":{"local_timestamp":1693937523114,"stderr":true,"stdout":"^"},"type":"ws_msg"}
{"payload":{"local_timestamp":1693937523114,"stderr":true,"stdout":"^"},"type":"ws_msg"}
{"payload":{"local_timestamp":1693937523114,"stderr":true,"stdout":"^"},"type":"ws_msg"}
{"payload":{"local_timestamp":1693937523114,"stderr":true,"stdout":"^"},"type":"ws_msg"}
{"payload":{"local_timestamp":1693937523114,"stderr":true,"stdout":"^"},"type":"ws_msg"}
{"payload":{"local_timestamp":1693937523114,"stderr":true,"stdout":"^"},"type":"ws_msg"}
{"payload":{"local_timestamp":1693937523114,"stderr":true,"stdout":"^"},"type":"ws_msg"}
{"payload":{"local_timestamp":1693937523114,"stderr":true,"stdout":"^"},"type":"ws_msg"}
{"payload":{"local_timestamp":1693937523114,"stderr":true,"stdout":"^"},"type":"ws_msg"}
{"payload":{"local_timestamp":1693937523114,"stderr":true,"stdout":"^"},"type":"ws_msg"}
{"payload":{"local_timestamp":1693937523114,"stderr":true,"stdout":"^"},"type":"ws_msg"}
{"payload":{"local_timestamp":1693937523114,"stderr":true,"stdout":"^"},"type":"ws_msg"}
{"payload":{"local_timestamp":1693937523114,"stderr":true,"stdout":"^"},"type":"ws_msg"}
{"payload":{"local_timestamp":1693937523114,"stderr":true,"stdout":"\n"},"type":"ws_msg"}
{"payload":{"local_timestamp":1693937523114,"stderr":true,"stdout":"  File \"H:\\\ub0b4 \ub4dc\ub77c\uc774\ube0c\\0. Run\\1. Research\\2. HangingObjectDetection\\HOD\\codes\\models\\yolov5\\utils\\loggers\\comet\\__init__.py\", line 98, in __init__\n"},"type":"ws_msg"}
{"payload":{"local_timestamp":1693937523126,"stderr":true,"stdout":"    "},"type":"ws_msg"}
{"payload":{"local_timestamp":1693937523126,"stderr":true,"stdout":"self.data_dict = self.check_dataset(self.opt.data)"},"type":"ws_msg"}
{"payload":{"local_timestamp":1693937523126,"stderr":true,"stdout":"\n"},"type":"ws_msg"}
{"payload":{"local_timestamp":1693937523126,"stderr":true,"stdout":" "},"type":"ws_msg"}
{"payload":{"local_timestamp":1693937523126,"stderr":true,"stdout":" "},"type":"ws_msg"}
{"payload":{"local_timestamp":1693937523126,"stderr":true,"stdout":" "},"type":"ws_msg"}
{"payload":{"local_timestamp":1693937523126,"stderr":true,"stdout":" "},"type":"ws_msg"}
{"payload":{"local_timestamp":1693937523126,"stderr":true,"stdout":" "},"type":"ws_msg"}
{"payload":{"local_timestamp":1693937523126,"stderr":true,"stdout":" "},"type":"ws_msg"}
{"payload":{"local_timestamp":1693937523126,"stderr":true,"stdout":" "},"type":"ws_msg"}
{"payload":{"local_timestamp":1693937523126,"stderr":true,"stdout":" "},"type":"ws_msg"}
{"payload":{"local_timestamp":1693937523126,"stderr":true,"stdout":" "},"type":"ws_msg"}
{"payload":{"local_timestamp":1693937523126,"stderr":true,"stdout":" "},"type":"ws_msg"}
{"payload":{"local_timestamp":1693937523126,"stderr":true,"stdout":" "},"type":"ws_msg"}
{"payload":{"local_timestamp":1693937523126,"stderr":true,"stdout":" "},"type":"ws_msg"}
{"payload":{"local_timestamp":1693937523126,"stderr":true,"stdout":" "},"type":"ws_msg"}
{"payload":{"local_timestamp":1693937523126,"stderr":true,"stdout":" "},"type":"ws_msg"}
{"payload":{"local_timestamp":1693937523126,"stderr":true,"stdout":" "},"type":"ws_msg"}
{"payload":{"local_timestamp":1693937523126,"stderr":true,"stdout":" "},"type":"ws_msg"}
{"payload":{"local_timestamp":1693937523126,"stderr":true,"stdout":" "},"type":"ws_msg"}
{"payload":{"local_timestamp":1693937523126,"stderr":true,"stdout":" "},"type":"ws_msg"}
{"payload":{"local_timestamp":1693937523126,"stderr":true,"stdout":" "},"type":"ws_msg"}
{"payload":{"local_timestamp":1693937523126,"stderr":true,"stdout":" "},"type":"ws_msg"}
{"payload":{"local_timestamp":1693937523126,"stderr":true,"stdout":" "},"type":"ws_msg"}
{"payload":{"local_timestamp":1693937523126,"stderr":true,"stdout":"^"},"type":"ws_msg"}
{"payload":{"local_timestamp":1693937523126,"stderr":true,"stdout":"^"},"type":"ws_msg"}
{"payload":{"local_timestamp":1693937523126,"stderr":true,"stdout":"^"},"type":"ws_msg"}
{"payload":{"local_timestamp":1693937523126,"stderr":true,"stdout":"^"},"type":"ws_msg"}
{"payload":{"local_timestamp":1693937523126,"stderr":true,"stdout":"^"},"type":"ws_msg"}
{"payload":{"local_timestamp":1693937523126,"stderr":true,"stdout":"^"},"type":"ws_msg"}
{"payload":{"local_timestamp":1693937523126,"stderr":true,"stdout":"^"},"type":"ws_msg"}
{"payload":{"local_timestamp":1693937523127,"stderr":true,"stdout":"^"},"type":"ws_msg"}
{"payload":{"local_timestamp":1693937523127,"stderr":true,"stdout":"^"},"type":"ws_msg"}
{"payload":{"local_timestamp":1693937523127,"stderr":true,"stdout":"^"},"type":"ws_msg"}
{"payload":{"local_timestamp":1693937523127,"stderr":true,"stdout":"^"},"type":"ws_msg"}
{"payload":{"local_timestamp":1693937523127,"stderr":true,"stdout":"^"},"type":"ws_msg"}
{"payload":{"local_timestamp":1693937523127,"stderr":true,"stdout":"^"},"type":"ws_msg"}
{"payload":{"local_timestamp":1693937523127,"stderr":true,"stdout":"^"},"type":"ws_msg"}
{"payload":{"local_timestamp":1693937523127,"stderr":true,"stdout":"^"},"type":"ws_msg"}
{"payload":{"local_timestamp":1693937523127,"stderr":true,"stdout":"^"},"type":"ws_msg"}
{"payload":{"local_timestamp":1693937523127,"stderr":true,"stdout":"^"},"type":"ws_msg"}
{"payload":{"local_timestamp":1693937523127,"stderr":true,"stdout":"^"},"type":"ws_msg"}
{"payload":{"local_timestamp":1693937523127,"stderr":true,"stdout":"^"},"type":"ws_msg"}
{"payload":{"local_timestamp":1693937523127,"stderr":true,"stdout":"^"},"type":"ws_msg"}
{"payload":{"local_timestamp":1693937523127,"stderr":true,"stdout":"^"},"type":"ws_msg"}
{"payload":{"local_timestamp":1693937523127,"stderr":true,"stdout":"^"},"type":"ws_msg"}
{"payload":{"local_timestamp":1693937523127,"stderr":true,"stdout":"^"},"type":"ws_msg"}
{"payload":{"local_timestamp":1693937523127,"stderr":true,"stdout":"^"},"type":"ws_msg"}
{"payload":{"local_timestamp":1693937523127,"stderr":true,"stdout":"^"},"type":"ws_msg"}
{"payload":{"local_timestamp":1693937523127,"stderr":true,"stdout":"^"},"type":"ws_msg"}
{"payload":{"local_timestamp":1693937523127,"stderr":true,"stdout":"^"},"type":"ws_msg"}
{"payload":{"local_timestamp":1693937523127,"stderr":true,"stdout":"^"},"type":"ws_msg"}
{"payload":{"local_timestamp":1693937523127,"stderr":true,"stdout":"^"},"type":"ws_msg"}
{"payload":{"local_timestamp":1693937523127,"stderr":true,"stdout":"^"},"type":"ws_msg"}
{"payload":{"local_timestamp":1693937523127,"stderr":true,"stdout":"^"},"type":"ws_msg"}
{"payload":{"local_timestamp":1693937523127,"stderr":true,"stdout":"^"},"type":"ws_msg"}
{"payload":{"local_timestamp":1693937523127,"stderr":true,"stdout":"^"},"type":"ws_msg"}
{"payload":{"local_timestamp":1693937523127,"stderr":true,"stdout":"\n"},"type":"ws_msg"}
{"payload":{"local_timestamp":1693937523127,"stderr":true,"stdout":"  File \"H:\\\ub0b4 \ub4dc\ub77c\uc774\ube0c\\0. Run\\1. Research\\2. HangingObjectDetection\\HOD\\codes\\models\\yolov5\\utils\\loggers\\comet\\__init__.py\", line 233, in check_dataset\n"},"type":"ws_msg"}
{"payload":{"local_timestamp":1693937523131,"stderr":true,"stdout":"    "},"type":"ws_msg"}
{"payload":{"local_timestamp":1693937523131,"stderr":true,"stdout":"data_config = yaml.safe_load(f)"},"type":"ws_msg"}
{"payload":{"local_timestamp":1693937523131,"stderr":true,"stdout":"\n"},"type":"ws_msg"}
{"payload":{"local_timestamp":1693937523131,"stderr":true,"stdout":" "},"type":"ws_msg"}
{"payload":{"local_timestamp":1693937523131,"stderr":true,"stdout":" "},"type":"ws_msg"}
{"payload":{"local_timestamp":1693937523131,"stderr":true,"stdout":" "},"type":"ws_msg"}
{"payload":{"local_timestamp":1693937523131,"stderr":true,"stdout":" "},"type":"ws_msg"}
{"payload":{"local_timestamp":1693937523131,"stderr":true,"stdout":" "},"type":"ws_msg"}
{"payload":{"local_timestamp":1693937523131,"stderr":true,"stdout":" "},"type":"ws_msg"}
{"payload":{"local_timestamp":1693937523131,"stderr":true,"stdout":" "},"type":"ws_msg"}
{"payload":{"local_timestamp":1693937523131,"stderr":true,"stdout":" "},"type":"ws_msg"}
{"payload":{"local_timestamp":1693937523131,"stderr":true,"stdout":" "},"type":"ws_msg"}
{"payload":{"local_timestamp":1693937523131,"stderr":true,"stdout":" "},"type":"ws_msg"}
{"payload":{"local_timestamp":1693937523131,"stderr":true,"stdout":" "},"type":"ws_msg"}
{"payload":{"local_timestamp":1693937523132,"stderr":true,"stdout":" "},"type":"ws_msg"}
{"payload":{"local_timestamp":1693937523132,"stderr":true,"stdout":" "},"type":"ws_msg"}
{"payload":{"local_timestamp":1693937523132,"stderr":true,"stdout":" "},"type":"ws_msg"}
{"payload":{"local_timestamp":1693937523132,"stderr":true,"stdout":" "},"type":"ws_msg"}
{"payload":{"local_timestamp":1693937523132,"stderr":true,"stdout":" "},"type":"ws_msg"}
{"payload":{"local_timestamp":1693937523132,"stderr":true,"stdout":" "},"type":"ws_msg"}
{"payload":{"local_timestamp":1693937523132,"stderr":true,"stdout":" "},"type":"ws_msg"}
{"payload":{"local_timestamp":1693937523132,"stderr":true,"stdout":"^"},"type":"ws_msg"}
{"payload":{"local_timestamp":1693937523132,"stderr":true,"stdout":"^"},"type":"ws_msg"}
{"payload":{"local_timestamp":1693937523132,"stderr":true,"stdout":"^"},"type":"ws_msg"}
{"payload":{"local_timestamp":1693937523132,"stderr":true,"stdout":"^"},"type":"ws_msg"}
{"payload":{"local_timestamp":1693937523132,"stderr":true,"stdout":"^"},"type":"ws_msg"}
{"payload":{"local_timestamp":1693937523132,"stderr":true,"stdout":"^"},"type":"ws_msg"}
{"payload":{"local_timestamp":1693937523132,"stderr":true,"stdout":"^"},"type":"ws_msg"}
{"payload":{"local_timestamp":1693937523132,"stderr":true,"stdout":"^"},"type":"ws_msg"}
{"payload":{"local_timestamp":1693937523132,"stderr":true,"stdout":"^"},"type":"ws_msg"}
{"payload":{"local_timestamp":1693937523132,"stderr":true,"stdout":"^"},"type":"ws_msg"}
{"payload":{"local_timestamp":1693937523132,"stderr":true,"stdout":"^"},"type":"ws_msg"}
{"payload":{"local_timestamp":1693937523132,"stderr":true,"stdout":"^"},"type":"ws_msg"}
{"payload":{"local_timestamp":1693937523132,"stderr":true,"stdout":"^"},"type":"ws_msg"}
{"payload":{"local_timestamp":1693937523132,"stderr":true,"stdout":"^"},"type":"ws_msg"}
{"payload":{"local_timestamp":1693937523132,"stderr":true,"stdout":"^"},"type":"ws_msg"}
{"payload":{"local_timestamp":1693937523132,"stderr":true,"stdout":"^"},"type":"ws_msg"}
{"payload":{"local_timestamp":1693937523132,"stderr":true,"stdout":"^"},"type":"ws_msg"}
{"payload":{"local_timestamp":1693937523132,"stderr":true,"stdout":"\n"},"type":"ws_msg"}
{"payload":{"local_timestamp":1693937523132,"stderr":true,"stdout":"  File \"C:\\Users\\User\\.conda\\envs\\HOD\\Lib\\site-packages\\yaml\\__init__.py\", line 125, in safe_load\n"},"type":"ws_msg"}
{"payload":{"local_timestamp":1693937523132,"stderr":true,"stdout":"    "},"type":"ws_msg"}
{"payload":{"local_timestamp":1693937523132,"stderr":true,"stdout":"return load(stream, SafeLoader)"},"type":"ws_msg"}
{"payload":{"local_timestamp":1693937523132,"stderr":true,"stdout":"\n"},"type":"ws_msg"}
{"payload":{"local_timestamp":1693937523133,"stderr":true,"stdout":" "},"type":"ws_msg"}
{"payload":{"local_timestamp":1693937523133,"stderr":true,"stdout":" "},"type":"ws_msg"}
{"payload":{"local_timestamp":1693937523133,"stderr":true,"stdout":" "},"type":"ws_msg"}
{"payload":{"local_timestamp":1693937523133,"stderr":true,"stdout":" "},"type":"ws_msg"}
{"payload":{"local_timestamp":1693937523133,"stderr":true,"stdout":" "},"type":"ws_msg"}
{"payload":{"local_timestamp":1693937523133,"stderr":true,"stdout":" "},"type":"ws_msg"}
{"payload":{"local_timestamp":1693937523133,"stderr":true,"stdout":" "},"type":"ws_msg"}
{"payload":{"local_timestamp":1693937523133,"stderr":true,"stdout":" "},"type":"ws_msg"}
{"payload":{"local_timestamp":1693937523133,"stderr":true,"stdout":" "},"type":"ws_msg"}
{"payload":{"local_timestamp":1693937523133,"stderr":true,"stdout":" "},"type":"ws_msg"}
{"payload":{"local_timestamp":1693937523133,"stderr":true,"stdout":" "},"type":"ws_msg"}
{"payload":{"local_timestamp":1693937523133,"stderr":true,"stdout":"^"},"type":"ws_msg"}
{"payload":{"local_timestamp":1693937523133,"stderr":true,"stdout":"^"},"type":"ws_msg"}
{"payload":{"local_timestamp":1693937523133,"stderr":true,"stdout":"^"},"type":"ws_msg"}
{"payload":{"local_timestamp":1693937523133,"stderr":true,"stdout":"^"},"type":"ws_msg"}
{"payload":{"local_timestamp":1693937523133,"stderr":true,"stdout":"^"},"type":"ws_msg"}
{"payload":{"local_timestamp":1693937523133,"stderr":true,"stdout":"^"},"type":"ws_msg"}
{"payload":{"local_timestamp":1693937523133,"stderr":true,"stdout":"^"},"type":"ws_msg"}
{"payload":{"local_timestamp":1693937523133,"stderr":true,"stdout":"^"},"type":"ws_msg"}
{"payload":{"local_timestamp":1693937523133,"stderr":true,"stdout":"^"},"type":"ws_msg"}
{"payload":{"local_timestamp":1693937523133,"stderr":true,"stdout":"^"},"type":"ws_msg"}
{"payload":{"local_timestamp":1693937523133,"stderr":true,"stdout":"^"},"type":"ws_msg"}
{"payload":{"local_timestamp":1693937523133,"stderr":true,"stdout":"^"},"type":"ws_msg"}
{"payload":{"local_timestamp":1693937523133,"stderr":true,"stdout":"^"},"type":"ws_msg"}
{"payload":{"local_timestamp":1693937523133,"stderr":true,"stdout":"^"},"type":"ws_msg"}
{"payload":{"local_timestamp":1693937523133,"stderr":true,"stdout":"^"},"type":"ws_msg"}
{"payload":{"local_timestamp":1693937523133,"stderr":true,"stdout":"^"},"type":"ws_msg"}
{"payload":{"local_timestamp":1693937523133,"stderr":true,"stdout":"^"},"type":"ws_msg"}
{"payload":{"local_timestamp":1693937523133,"stderr":true,"stdout":"^"},"type":"ws_msg"}
{"payload":{"local_timestamp":1693937523133,"stderr":true,"stdout":"^"},"type":"ws_msg"}
{"payload":{"local_timestamp":1693937523133,"stderr":true,"stdout":"^"},"type":"ws_msg"}
{"payload":{"local_timestamp":1693937523133,"stderr":true,"stdout":"^"},"type":"ws_msg"}
{"payload":{"local_timestamp":1693937523133,"stderr":true,"stdout":"^"},"type":"ws_msg"}
{"payload":{"local_timestamp":1693937523133,"stderr":true,"stdout":"^"},"type":"ws_msg"}
{"payload":{"local_timestamp":1693937523133,"stderr":true,"stdout":"^"},"type":"ws_msg"}
{"payload":{"local_timestamp":1693937523135,"stderr":true,"stdout":"\n"},"type":"ws_msg"}
{"payload":{"local_timestamp":1693937523135,"stderr":true,"stdout":"  File \"C:\\Users\\User\\.conda\\envs\\HOD\\Lib\\site-packages\\yaml\\__init__.py\", line 79, in load\n"},"type":"ws_msg"}
{"payload":{"local_timestamp":1693937523136,"stderr":true,"stdout":"    "},"type":"ws_msg"}
{"payload":{"local_timestamp":1693937523136,"stderr":true,"stdout":"loader = Loader(stream)"},"type":"ws_msg"}
{"payload":{"local_timestamp":1693937523136,"stderr":true,"stdout":"\n"},"type":"ws_msg"}
{"payload":{"local_timestamp":1693937523136,"stderr":true,"stdout":" "},"type":"ws_msg"}
{"payload":{"local_timestamp":1693937523136,"stderr":true,"stdout":" "},"type":"ws_msg"}
{"payload":{"local_timestamp":1693937523136,"stderr":true,"stdout":" "},"type":"ws_msg"}
{"payload":{"local_timestamp":1693937523136,"stderr":true,"stdout":" "},"type":"ws_msg"}
{"payload":{"local_timestamp":1693937523136,"stderr":true,"stdout":" "},"type":"ws_msg"}
{"payload":{"local_timestamp":1693937523136,"stderr":true,"stdout":" "},"type":"ws_msg"}
{"payload":{"local_timestamp":1693937523136,"stderr":true,"stdout":" "},"type":"ws_msg"}
{"payload":{"local_timestamp":1693937523136,"stderr":true,"stdout":" "},"type":"ws_msg"}
{"payload":{"local_timestamp":1693937523136,"stderr":true,"stdout":" "},"type":"ws_msg"}
{"payload":{"local_timestamp":1693937523136,"stderr":true,"stdout":" "},"type":"ws_msg"}
{"payload":{"local_timestamp":1693937523136,"stderr":true,"stdout":" "},"type":"ws_msg"}
{"payload":{"local_timestamp":1693937523136,"stderr":true,"stdout":" "},"type":"ws_msg"}
{"payload":{"local_timestamp":1693937523136,"stderr":true,"stdout":" "},"type":"ws_msg"}
{"payload":{"local_timestamp":1693937523136,"stderr":true,"stdout":"^"},"type":"ws_msg"}
{"payload":{"local_timestamp":1693937523136,"stderr":true,"stdout":"^"},"type":"ws_msg"}
{"payload":{"local_timestamp":1693937523136,"stderr":true,"stdout":"^"},"type":"ws_msg"}
{"payload":{"local_timestamp":1693937523136,"stderr":true,"stdout":"^"},"type":"ws_msg"}
{"payload":{"local_timestamp":1693937523136,"stderr":true,"stdout":"^"},"type":"ws_msg"}
{"payload":{"local_timestamp":1693937523136,"stderr":true,"stdout":"^"},"type":"ws_msg"}
{"payload":{"local_timestamp":1693937523136,"stderr":true,"stdout":"^"},"type":"ws_msg"}
{"payload":{"local_timestamp":1693937523136,"stderr":true,"stdout":"^"},"type":"ws_msg"}
{"payload":{"local_timestamp":1693937523136,"stderr":true,"stdout":"^"},"type":"ws_msg"}
{"payload":{"local_timestamp":1693937523136,"stderr":true,"stdout":"^"},"type":"ws_msg"}
{"payload":{"local_timestamp":1693937523136,"stderr":true,"stdout":"^"},"type":"ws_msg"}
{"payload":{"local_timestamp":1693937523136,"stderr":true,"stdout":"^"},"type":"ws_msg"}
{"payload":{"local_timestamp":1693937523136,"stderr":true,"stdout":"^"},"type":"ws_msg"}
{"payload":{"local_timestamp":1693937523136,"stderr":true,"stdout":"^"},"type":"ws_msg"}
{"payload":{"local_timestamp":1693937523136,"stderr":true,"stdout":"\n"},"type":"ws_msg"}
{"payload":{"local_timestamp":1693937523137,"stderr":true,"stdout":"  File \"C:\\Users\\User\\.conda\\envs\\HOD\\Lib\\site-packages\\yaml\\loader.py\", line 34, in __init__\n"},"type":"ws_msg"}
{"payload":{"local_timestamp":1693937523137,"stderr":true,"stdout":"    "},"type":"ws_msg"}
{"payload":{"local_timestamp":1693937523137,"stderr":true,"stdout":"Reader.__init__(self, stream)"},"type":"ws_msg"}
{"payload":{"local_timestamp":1693937523137,"stderr":true,"stdout":"\n"},"type":"ws_msg"}
{"payload":{"local_timestamp":1693937523137,"stderr":true,"stdout":"  File \"C:\\Users\\User\\.conda\\envs\\HOD\\Lib\\site-packages\\yaml\\reader.py\", line 85, in __init__\n"},"type":"ws_msg"}
{"payload":{"local_timestamp":1693937523138,"stderr":true,"stdout":"    "},"type":"ws_msg"}
{"payload":{"local_timestamp":1693937523138,"stderr":true,"stdout":"self.determine_encoding()"},"type":"ws_msg"}
{"payload":{"local_timestamp":1693937523138,"stderr":true,"stdout":"\n"},"type":"ws_msg"}
{"payload":{"local_timestamp":1693937523139,"stderr":true,"stdout":"  File \"C:\\Users\\User\\.conda\\envs\\HOD\\Lib\\site-packages\\yaml\\reader.py\", line 124, in determine_encoding\n"},"type":"ws_msg"}
{"payload":{"local_timestamp":1693937523140,"stderr":true,"stdout":"    "},"type":"ws_msg"}
{"payload":{"local_timestamp":1693937523140,"stderr":true,"stdout":"self.update_raw()"},"type":"ws_msg"}
{"payload":{"local_timestamp":1693937523140,"stderr":true,"stdout":"\n"},"type":"ws_msg"}
{"payload":{"local_timestamp":1693937523140,"stderr":true,"stdout":"  File \"C:\\Users\\User\\.conda\\envs\\HOD\\Lib\\site-packages\\yaml\\reader.py\", line 178, in update_raw\n"},"type":"ws_msg"}
{"payload":{"local_timestamp":1693937523141,"stderr":true,"stdout":"    "},"type":"ws_msg"}
{"payload":{"local_timestamp":1693937523141,"stderr":true,"stdout":"data = self.stream.read(size)"},"type":"ws_msg"}
{"payload":{"local_timestamp":1693937523141,"stderr":true,"stdout":"\n"},"type":"ws_msg"}
{"payload":{"local_timestamp":1693937523141,"stderr":true,"stdout":" "},"type":"ws_msg"}
{"payload":{"local_timestamp":1693937523141,"stderr":true,"stdout":" "},"type":"ws_msg"}
{"payload":{"local_timestamp":1693937523141,"stderr":true,"stdout":" "},"type":"ws_msg"}
{"payload":{"local_timestamp":1693937523141,"stderr":true,"stdout":" "},"type":"ws_msg"}
{"payload":{"local_timestamp":1693937523141,"stderr":true,"stdout":" "},"type":"ws_msg"}
{"payload":{"local_timestamp":1693937523141,"stderr":true,"stdout":" "},"type":"ws_msg"}
{"payload":{"local_timestamp":1693937523141,"stderr":true,"stdout":" "},"type":"ws_msg"}
{"payload":{"local_timestamp":1693937523141,"stderr":true,"stdout":" "},"type":"ws_msg"}
{"payload":{"local_timestamp":1693937523141,"stderr":true,"stdout":" "},"type":"ws_msg"}
{"payload":{"local_timestamp":1693937523141,"stderr":true,"stdout":" "},"type":"ws_msg"}
{"payload":{"local_timestamp":1693937523141,"stderr":true,"stdout":" "},"type":"ws_msg"}
{"payload":{"local_timestamp":1693937523141,"stderr":true,"stdout":"^"},"type":"ws_msg"}
{"payload":{"local_timestamp":1693937523141,"stderr":true,"stdout":"^"},"type":"ws_msg"}
{"payload":{"local_timestamp":1693937523141,"stderr":true,"stdout":"^"},"type":"ws_msg"}
{"payload":{"local_timestamp":1693937523141,"stderr":true,"stdout":"^"},"type":"ws_msg"}
{"payload":{"local_timestamp":1693937523141,"stderr":true,"stdout":"^"},"type":"ws_msg"}
{"payload":{"local_timestamp":1693937523141,"stderr":true,"stdout":"^"},"type":"ws_msg"}
{"payload":{"local_timestamp":1693937523141,"stderr":true,"stdout":"^"},"type":"ws_msg"}
{"payload":{"local_timestamp":1693937523141,"stderr":true,"stdout":"^"},"type":"ws_msg"}
{"payload":{"local_timestamp":1693937523141,"stderr":true,"stdout":"^"},"type":"ws_msg"}
{"payload":{"local_timestamp":1693937523141,"stderr":true,"stdout":"^"},"type":"ws_msg"}
{"payload":{"local_timestamp":1693937523141,"stderr":true,"stdout":"^"},"type":"ws_msg"}
{"payload":{"local_timestamp":1693937523141,"stderr":true,"stdout":"^"},"type":"ws_msg"}
{"payload":{"local_timestamp":1693937523141,"stderr":true,"stdout":"^"},"type":"ws_msg"}
{"payload":{"local_timestamp":1693937523141,"stderr":true,"stdout":"^"},"type":"ws_msg"}
{"payload":{"local_timestamp":1693937523141,"stderr":true,"stdout":"^"},"type":"ws_msg"}
{"payload":{"local_timestamp":1693937523141,"stderr":true,"stdout":"^"},"type":"ws_msg"}
{"payload":{"local_timestamp":1693937523141,"stderr":true,"stdout":"^"},"type":"ws_msg"}
{"payload":{"local_timestamp":1693937523141,"stderr":true,"stdout":"^"},"type":"ws_msg"}
{"payload":{"local_timestamp":1693937523141,"stderr":true,"stdout":"^"},"type":"ws_msg"}
{"payload":{"local_timestamp":1693937523141,"stderr":true,"stdout":"^"},"type":"ws_msg"}
{"payload":{"local_timestamp":1693937523141,"stderr":true,"stdout":"^"},"type":"ws_msg"}
{"payload":{"local_timestamp":1693937523141,"stderr":true,"stdout":"^"},"type":"ws_msg"}
{"payload":{"local_timestamp":1693937523141,"stderr":true,"stdout":"\n"},"type":"ws_msg"}
{"payload":{"local_timestamp":1693937523141,"stderr":true,"stdout":"UnicodeDecodeError"},"type":"ws_msg"}
{"payload":{"local_timestamp":1693937523141,"stderr":true,"stdout":": "},"type":"ws_msg"}
{"payload":{"local_timestamp":1693937523141,"stderr":true,"stdout":"'cp949' codec can't decode byte 0xec in position 56: illegal multibyte sequence"},"type":"ws_msg"}
{"payload":{"local_timestamp":1693937523141,"stderr":true,"stdout":"\n"},"type":"ws_msg"}
{"payload":{"git_meta":{"branch":"refs/heads/main","origin":"https://github.com/separk-1/HOD.git","parent":"6c21206724fddf6238d5787880d67af593a19a53","repo_name":"HOD","root":"f57b8a962158efa59cd3135b9e780bda1498edf5","status":null,"user":"separk-1"},"local_timestamp":1693937541011},"type":"ws_msg"}
{"payload":{"additional_params":{"assetId":"639b72bdf0e24fe38b4a916b4b7c9ca8","context":null,"epoch":null,"extension":"yml","fileName":"conda-environment.yml","overwrite":false,"runId":null,"step":null,"type":"conda-environment-definition"},"clean":true,"file_path":"tmpfspqn6yt","local_timestamp":1693937543097,"metadata":{},"upload_type":"conda-environment-definition"},"type":"file_upload"}
{"payload":{"additional_params":{"assetId":"771a5015b503406591a37cc56b3c3512","context":null,"epoch":null,"extension":"txt","fileName":"conda-spec.txt","overwrite":false,"runId":null,"step":null,"type":"conda-specification"},"clean":true,"file_path":"tmpezr1l6m1","local_timestamp":1693937543473,"metadata":{},"upload_type":"conda-specification"},"type":"file_upload"}
{"payload":{"additional_params":{"assetId":"a91134846326476f916c6b444d9a44da","context":null,"epoch":null,"extension":"yml","fileName":"conda-info.yml","overwrite":false,"runId":null,"step":null,"type":"conda-info"},"clean":true,"file_path":"tmpbc4f3i9x","local_timestamp":1693937543968,"metadata":{},"upload_type":"conda-info"},"type":"file_upload"}
{"payload":{"local_timestamp":1693937543969,"stderr":true,"stdout":"\u001b[1;38;5;39mCOMET INFO:\u001b[0m ---------------------------------------------------------------------------------------\n"},"type":"ws_msg"}
{"payload":{"local_timestamp":1693937543970,"stderr":true,"stdout":"\u001b[1;38;5;39mCOMET INFO:\u001b[0m Comet.ml OfflineExperiment Summary\n"},"type":"ws_msg"}
{"payload":{"local_timestamp":1693937543970,"stderr":true,"stdout":"\u001b[1;38;5;39mCOMET INFO:\u001b[0m ---------------------------------------------------------------------------------------\n"},"type":"ws_msg"}
{"payload":{"local_timestamp":1693937543970,"stderr":true,"stdout":"\u001b[1;38;5;39mCOMET INFO:\u001b[0m   Data:\n"},"type":"ws_msg"}
{"payload":{"local_timestamp":1693937543970,"stderr":true,"stdout":"\u001b[1;38;5;39mCOMET INFO:\u001b[0m     display_summary_level : 1\n"},"type":"ws_msg"}
{"payload":{"local_timestamp":1693937543970,"stderr":true,"stdout":"\u001b[1;38;5;39mCOMET INFO:\u001b[0m     url                   : [OfflineExperiment will get URL after upload]\n"},"type":"ws_msg"}
{"payload":{"local_timestamp":1693937543971,"stderr":true,"stdout":"\u001b[1;38;5;39mCOMET INFO:\u001b[0m   Others:\n"},"type":"ws_msg"}
{"payload":{"local_timestamp":1693937543971,"stderr":true,"stdout":"\u001b[1;38;5;39mCOMET INFO:\u001b[0m     Name               : exp\n"},"type":"ws_msg"}
{"payload":{"local_timestamp":1693937543971,"stderr":true,"stdout":"\u001b[1;38;5;39mCOMET INFO:\u001b[0m     offline_experiment : True\n"},"type":"ws_msg"}
{"payload":{"local_timestamp":1693937543971,"stderr":true,"stdout":"\u001b[1;38;5;39mCOMET INFO:\u001b[0m   Uploads:\n"},"type":"ws_msg"}
{"payload":{"local_timestamp":1693937543971,"stderr":true,"stdout":"\u001b[1;38;5;39mCOMET INFO:\u001b[0m     conda-environment-definition : 1\n"},"type":"ws_msg"}
{"payload":{"local_timestamp":1693937543972,"stderr":true,"stdout":"\u001b[1;38;5;39mCOMET INFO:\u001b[0m     conda-info                   : 1\n"},"type":"ws_msg"}
{"payload":{"local_timestamp":1693937543972,"stderr":true,"stdout":"\u001b[1;38;5;39mCOMET INFO:\u001b[0m     conda-specification          : 1\n"},"type":"ws_msg"}
{"payload":{"local_timestamp":1693937543972,"stderr":true,"stdout":"\u001b[1;38;5;39mCOMET INFO:\u001b[0m     environment details          : 1\n"},"type":"ws_msg"}
{"payload":{"local_timestamp":1693937543972,"stderr":true,"stdout":"\u001b[1;38;5;39mCOMET INFO:\u001b[0m     git metadata                 : 1\n"},"type":"ws_msg"}
{"payload":{"local_timestamp":1693937543972,"stderr":true,"stdout":"\u001b[1;38;5;39mCOMET INFO:\u001b[0m     installed packages           : 1\n"},"type":"ws_msg"}
{"payload":{"local_timestamp":1693937543973,"stderr":true,"stdout":"\u001b[1;38;5;39mCOMET INFO:\u001b[0m \n"},"type":"ws_msg"}
