{"payload":{"installed_packages":["attrs==23.1.0","certifi==2023.7.22","charset-normalizer==3.2.0","colorama==0.4.6","comet-ml==3.33.9","configobj==5.0.8","contourpy==1.1.0","cycler==0.11.0","dulwich==0.21.6","everett==3.1.0","filelock==3.12.3","fonttools==4.42.1","gitdb==4.0.10","gitpython==3.1.34","idna==3.4","jinja2==3.1.2","jsonschema-specifications==2023.7.1","jsonschema==4.19.0","kiwisolver==1.4.5","markdown-it-py==3.0.0","markupsafe==2.1.3","matplotlib==3.7.2","mdurl==0.1.2","mpmath==1.3.0","networkx==3.1","numpy==1.25.2","opencv-python==4.8.0.76","packaging==23.1","pandas==2.1.0","pillow==10.0.0","pip==23.2.1","psutil==5.9.5","py-cpuinfo==9.0.0","pygments==2.16.1","pyparsing==3.0.9","python-box==6.1.0","python-dateutil==2.8.2","pytz==2023.3.post1","pyyaml==6.0.1","referencing==0.30.2","requests-toolbelt==1.0.0","requests==2.31.0","rich==13.5.2","rpds-py==0.10.2","scipy==1.11.2","seaborn==0.12.2","semantic-version==2.10.0","sentry-sdk==1.30.0","setuptools==68.0.0","simplejson==3.19.1","six==1.16.0","smmap==5.0.0","sympy==1.12","thop==0.1.1.post2209072238","torch==2.0.1","torchvision==0.15.2","tqdm==4.66.1","typing-extensions==4.7.1","tzdata==2023.3","ultralytics==8.0.171","urllib3==2.0.4","websocket-client==1.3.3","wheel==0.38.4","wrapt==1.15.0","wurlitzer==3.0.3"],"local_timestamp":1693938658205},"type":"ws_msg"}
{"payload":{"env_details":{"command":["./codes/models/yolov5/train.py","--data","./codes/models/yolov5/data/custom_dataset.yaml","--epochs","10"],"env":null,"hostname":"DESKTOP-50UI7PT","ip":"192.168.200.136","machine":"AMD64","os":"Windows-10-10.0.19045-SP0","os_release":"10","os_type":"Windows","pid":16744,"processor":"AMD64 Family 25 Model 33 Stepping 0, AuthenticAMD","python_exe":"C:\\Users\\User\\.conda\\envs\\HOD\\python.exe","python_version":"3.11.4","python_version_verbose":"3.11.4 | packaged by Anaconda, Inc. | (main, Jul  5 2023, 13:47:18) [MSC v.1916 64 bit (AMD64)]","user":"User"},"local_timestamp":1693938658232},"type":"ws_msg"}
{"payload":{"gpu_static_info":[{"gpu_index":0,"name":"NVIDIA GeForce GTX 1660 SUPER","power_limit":125000,"total_memory":6442450944,"uuid":"GPU-ea376e7d-9c3c-1a53-6253-8c41e2920869"}],"local_timestamp":1693938658288},"type":"ws_msg"}
{"payload":{"local_timestamp":1693938658298,"stderr":true,"stdout":"\u001b[1;38;5;214mCOMET WARNING:\u001b[0m You are trying to log string value as a metric. This is not recommended.\n"},"type":"ws_msg"}
{"payload":{"local_timestamp":1693938658298,"metric":{"epoch":null,"metricName":"sys.gpu.0.total_memory","metricValue":6442450944,"step":null}},"type":"metric_msg"}
{"payload":{"local_timestamp":1693938658621,"metric":{"epoch":null,"metricName":"sys.cpu.percent.avg","metricValue":25.374999999999996,"step":null}},"type":"metric_msg"}
{"payload":{"local_timestamp":1693938658621,"metric":{"epoch":null,"metricName":"sys.load.avg","metricValue":0.0,"step":null}},"type":"metric_msg"}
{"payload":{"local_timestamp":1693938658621,"metric":{"epoch":null,"metricName":"sys.ram.total","metricValue":34282385408,"step":null}},"type":"metric_msg"}
{"payload":{"local_timestamp":1693938658621,"metric":{"epoch":null,"metricName":"sys.ram.used","metricValue":16804966400,"step":null}},"type":"metric_msg"}
{"payload":{"local_timestamp":1693938658636,"param":{"paramName":"data","paramValue":"./codes/models/yolov5/data/custom_dataset.yaml","source":"cli","step":null}},"type":"parameter_msg"}
{"payload":{"local_timestamp":1693938658636,"param":{"paramName":"epochs","paramValue":10,"source":"cli","step":null}},"type":"parameter_msg"}
{"payload":{"local_timestamp":1693938658637,"log_other":{"key":"offline_experiment","val":true}},"type":"ws_msg"}
{"payload":{"local_timestamp":1693938658637,"log_other":{"key":"Name","val":"exp"}},"type":"ws_msg"}
{"payload":{"local_timestamp":1693938658640,"metric":{"epoch":null,"metricName":"sys.gpu.0.free_memory","metricValue":4422762496,"step":null}},"type":"metric_msg"}
{"payload":{"local_timestamp":1693938658641,"metric":{"epoch":null,"metricName":"sys.gpu.0.gpu_utilization","metricValue":16,"step":null}},"type":"metric_msg"}
{"payload":{"local_timestamp":1693938658641,"metric":{"epoch":null,"metricName":"sys.gpu.0.power_usage","metricValue":35893,"step":null}},"type":"metric_msg"}
{"payload":{"local_timestamp":1693938658641,"metric":{"epoch":null,"metricName":"sys.gpu.0.temperature","metricValue":43,"step":null}},"type":"metric_msg"}
{"payload":{"local_timestamp":1693938658641,"metric":{"epoch":null,"metricName":"sys.gpu.0.used_memory","metricValue":2019688448,"step":null}},"type":"metric_msg"}
{"payload":{"additional_params":{"assetId":"727e05fd51454b84afc6093bec40c37d","context":null,"extension":"yaml","fileName":"custom_dataset.yaml","overwrite":false,"runId":null,"step":null},"clean":true,"file_path":"tmptzep9k6r","local_timestamp":1693938658645,"metadata":{"type":"data-config-file"},"upload_type":"asset"},"type":"file_upload"}
{"payload":{"local_timestamp":1693938658671,"stderr":true,"stdout":"\nDataset not found , missing paths ['H:\\\\ \\\\0. Run\\\\1. Research\\\\2. HangingObjectDetection\\\\HOD\\\\codes\\\\models\\\\yolov5\\\\datasets\\\\sample\\\\images_val']\n"},"type":"ws_msg"}
{"payload":{"local_timestamp":1693938658671,"stderr":true,"stdout":"Traceback (most recent call last):\n"},"type":"ws_msg"}
{"payload":{"local_timestamp":1693938658672,"stderr":true,"stdout":"  File \"H:\\\ub0b4 \ub4dc\ub77c\uc774\ube0c\\0. Run\\1. Research\\2. HangingObjectDetection\\HOD\\codes\\models\\yolov5\\train.py\", line 647, in <module>\n"},"type":"ws_msg"}
{"payload":{"local_timestamp":1693938658675,"stderr":true,"stdout":"    "},"type":"ws_msg"}
{"payload":{"local_timestamp":1693938658675,"stderr":true,"stdout":"main(opt)"},"type":"ws_msg"}
{"payload":{"local_timestamp":1693938658675,"stderr":true,"stdout":"\n"},"type":"ws_msg"}
{"payload":{"local_timestamp":1693938658675,"stderr":true,"stdout":"  File \"H:\\\ub0b4 \ub4dc\ub77c\uc774\ube0c\\0. Run\\1. Research\\2. HangingObjectDetection\\HOD\\codes\\models\\yolov5\\train.py\", line 536, in main\n"},"type":"ws_msg"}
{"payload":{"local_timestamp":1693938658678,"stderr":true,"stdout":"    "},"type":"ws_msg"}
{"payload":{"local_timestamp":1693938658678,"stderr":true,"stdout":"train(opt.hyp, opt, device, callbacks)"},"type":"ws_msg"}
{"payload":{"local_timestamp":1693938658678,"stderr":true,"stdout":"\n"},"type":"ws_msg"}
{"payload":{"local_timestamp":1693938658678,"stderr":true,"stdout":"  File \"H:\\\ub0b4 \ub4dc\ub77c\uc774\ube0c\\0. Run\\1. Research\\2. HangingObjectDetection\\HOD\\codes\\models\\yolov5\\train.py\", line 101, in train\n"},"type":"ws_msg"}
{"payload":{"local_timestamp":1693938658680,"stderr":true,"stdout":"    "},"type":"ws_msg"}
{"payload":{"local_timestamp":1693938658680,"stderr":true,"stdout":"loggers = Loggers(save_dir, weights, opt, hyp, LOGGER)  # loggers instance"},"type":"ws_msg"}
{"payload":{"local_timestamp":1693938658680,"stderr":true,"stdout":"\n"},"type":"ws_msg"}
{"payload":{"local_timestamp":1693938658680,"stderr":true,"stdout":" "},"type":"ws_msg"}
{"payload":{"local_timestamp":1693938658680,"stderr":true,"stdout":" "},"type":"ws_msg"}
{"payload":{"local_timestamp":1693938658680,"stderr":true,"stdout":" "},"type":"ws_msg"}
{"payload":{"local_timestamp":1693938658680,"stderr":true,"stdout":" "},"type":"ws_msg"}
{"payload":{"local_timestamp":1693938658680,"stderr":true,"stdout":" "},"type":"ws_msg"}
{"payload":{"local_timestamp":1693938658680,"stderr":true,"stdout":" "},"type":"ws_msg"}
{"payload":{"local_timestamp":1693938658680,"stderr":true,"stdout":" "},"type":"ws_msg"}
{"payload":{"local_timestamp":1693938658680,"stderr":true,"stdout":" "},"type":"ws_msg"}
{"payload":{"local_timestamp":1693938658680,"stderr":true,"stdout":" "},"type":"ws_msg"}
{"payload":{"local_timestamp":1693938658680,"stderr":true,"stdout":" "},"type":"ws_msg"}
{"payload":{"local_timestamp":1693938658680,"stderr":true,"stdout":" "},"type":"ws_msg"}
{"payload":{"local_timestamp":1693938658680,"stderr":true,"stdout":" "},"type":"ws_msg"}
{"payload":{"local_timestamp":1693938658680,"stderr":true,"stdout":" "},"type":"ws_msg"}
{"payload":{"local_timestamp":1693938658680,"stderr":true,"stdout":" "},"type":"ws_msg"}
{"payload":{"local_timestamp":1693938658680,"stderr":true,"stdout":"^"},"type":"ws_msg"}
{"payload":{"local_timestamp":1693938658680,"stderr":true,"stdout":"^"},"type":"ws_msg"}
{"payload":{"local_timestamp":1693938658680,"stderr":true,"stdout":"^"},"type":"ws_msg"}
{"payload":{"local_timestamp":1693938658680,"stderr":true,"stdout":"^"},"type":"ws_msg"}
{"payload":{"local_timestamp":1693938658680,"stderr":true,"stdout":"^"},"type":"ws_msg"}
{"payload":{"local_timestamp":1693938658680,"stderr":true,"stdout":"^"},"type":"ws_msg"}
{"payload":{"local_timestamp":1693938658680,"stderr":true,"stdout":"^"},"type":"ws_msg"}
{"payload":{"local_timestamp":1693938658680,"stderr":true,"stdout":"^"},"type":"ws_msg"}
{"payload":{"local_timestamp":1693938658680,"stderr":true,"stdout":"^"},"type":"ws_msg"}
{"payload":{"local_timestamp":1693938658680,"stderr":true,"stdout":"^"},"type":"ws_msg"}
{"payload":{"local_timestamp":1693938658680,"stderr":true,"stdout":"^"},"type":"ws_msg"}
{"payload":{"local_timestamp":1693938658680,"stderr":true,"stdout":"^"},"type":"ws_msg"}
{"payload":{"local_timestamp":1693938658680,"stderr":true,"stdout":"^"},"type":"ws_msg"}
{"payload":{"local_timestamp":1693938658680,"stderr":true,"stdout":"^"},"type":"ws_msg"}
{"payload":{"local_timestamp":1693938658680,"stderr":true,"stdout":"^"},"type":"ws_msg"}
{"payload":{"local_timestamp":1693938658680,"stderr":true,"stdout":"^"},"type":"ws_msg"}
{"payload":{"local_timestamp":1693938658680,"stderr":true,"stdout":"^"},"type":"ws_msg"}
{"payload":{"local_timestamp":1693938658680,"stderr":true,"stdout":"^"},"type":"ws_msg"}
{"payload":{"local_timestamp":1693938658680,"stderr":true,"stdout":"^"},"type":"ws_msg"}
{"payload":{"local_timestamp":1693938658680,"stderr":true,"stdout":"^"},"type":"ws_msg"}
{"payload":{"local_timestamp":1693938658680,"stderr":true,"stdout":"^"},"type":"ws_msg"}
{"payload":{"local_timestamp":1693938658680,"stderr":true,"stdout":"^"},"type":"ws_msg"}
{"payload":{"local_timestamp":1693938658680,"stderr":true,"stdout":"^"},"type":"ws_msg"}
{"payload":{"local_timestamp":1693938658680,"stderr":true,"stdout":"^"},"type":"ws_msg"}
{"payload":{"local_timestamp":1693938658680,"stderr":true,"stdout":"^"},"type":"ws_msg"}
{"payload":{"local_timestamp":1693938658680,"stderr":true,"stdout":"^"},"type":"ws_msg"}
{"payload":{"local_timestamp":1693938658680,"stderr":true,"stdout":"^"},"type":"ws_msg"}
{"payload":{"local_timestamp":1693938658681,"stderr":true,"stdout":"^"},"type":"ws_msg"}
{"payload":{"local_timestamp":1693938658681,"stderr":true,"stdout":"^"},"type":"ws_msg"}
{"payload":{"local_timestamp":1693938658681,"stderr":true,"stdout":"^"},"type":"ws_msg"}
{"payload":{"local_timestamp":1693938658681,"stderr":true,"stdout":"^"},"type":"ws_msg"}
{"payload":{"local_timestamp":1693938658681,"stderr":true,"stdout":"^"},"type":"ws_msg"}
{"payload":{"local_timestamp":1693938658681,"stderr":true,"stdout":"^"},"type":"ws_msg"}
{"payload":{"local_timestamp":1693938658681,"stderr":true,"stdout":"^"},"type":"ws_msg"}
{"payload":{"local_timestamp":1693938658681,"stderr":true,"stdout":"^"},"type":"ws_msg"}
{"payload":{"local_timestamp":1693938658681,"stderr":true,"stdout":"^"},"type":"ws_msg"}
{"payload":{"local_timestamp":1693938658681,"stderr":true,"stdout":"^"},"type":"ws_msg"}
{"payload":{"local_timestamp":1693938658681,"stderr":true,"stdout":"^"},"type":"ws_msg"}
{"payload":{"local_timestamp":1693938658681,"stderr":true,"stdout":"^"},"type":"ws_msg"}
{"payload":{"local_timestamp":1693938658681,"stderr":true,"stdout":"^"},"type":"ws_msg"}
{"payload":{"local_timestamp":1693938658681,"stderr":true,"stdout":"^"},"type":"ws_msg"}
{"payload":{"local_timestamp":1693938658681,"stderr":true,"stdout":"^"},"type":"ws_msg"}
{"payload":{"local_timestamp":1693938658681,"stderr":true,"stdout":"^"},"type":"ws_msg"}
{"payload":{"local_timestamp":1693938658681,"stderr":true,"stdout":"^"},"type":"ws_msg"}
{"payload":{"local_timestamp":1693938658681,"stderr":true,"stdout":"\n"},"type":"ws_msg"}
{"payload":{"local_timestamp":1693938658681,"stderr":true,"stdout":"  File \"H:\\\ub0b4 \ub4dc\ub77c\uc774\ube0c\\0. Run\\1. Research\\2. HangingObjectDetection\\HOD\\codes\\models\\yolov5\\utils\\loggers\\__init__.py\", line 129, in __init__\n"},"type":"ws_msg"}
{"payload":{"local_timestamp":1693938658683,"stderr":true,"stdout":"    "},"type":"ws_msg"}
{"payload":{"local_timestamp":1693938658683,"stderr":true,"stdout":"self.comet_logger = CometLogger(self.opt, self.hyp)"},"type":"ws_msg"}
{"payload":{"local_timestamp":1693938658684,"stderr":true,"stdout":"\n"},"type":"ws_msg"}
{"payload":{"local_timestamp":1693938658684,"stderr":true,"stdout":" "},"type":"ws_msg"}
{"payload":{"local_timestamp":1693938658684,"stderr":true,"stdout":" "},"type":"ws_msg"}
{"payload":{"local_timestamp":1693938658684,"stderr":true,"stdout":" "},"type":"ws_msg"}
{"payload":{"local_timestamp":1693938658684,"stderr":true,"stdout":" "},"type":"ws_msg"}
{"payload":{"local_timestamp":1693938658684,"stderr":true,"stdout":" "},"type":"ws_msg"}
{"payload":{"local_timestamp":1693938658684,"stderr":true,"stdout":" "},"type":"ws_msg"}
{"payload":{"local_timestamp":1693938658684,"stderr":true,"stdout":" "},"type":"ws_msg"}
{"payload":{"local_timestamp":1693938658684,"stderr":true,"stdout":" "},"type":"ws_msg"}
{"payload":{"local_timestamp":1693938658684,"stderr":true,"stdout":" "},"type":"ws_msg"}
{"payload":{"local_timestamp":1693938658684,"stderr":true,"stdout":" "},"type":"ws_msg"}
{"payload":{"local_timestamp":1693938658684,"stderr":true,"stdout":" "},"type":"ws_msg"}
{"payload":{"local_timestamp":1693938658684,"stderr":true,"stdout":" "},"type":"ws_msg"}
{"payload":{"local_timestamp":1693938658684,"stderr":true,"stdout":" "},"type":"ws_msg"}
{"payload":{"local_timestamp":1693938658684,"stderr":true,"stdout":" "},"type":"ws_msg"}
{"payload":{"local_timestamp":1693938658684,"stderr":true,"stdout":" "},"type":"ws_msg"}
{"payload":{"local_timestamp":1693938658684,"stderr":true,"stdout":" "},"type":"ws_msg"}
{"payload":{"local_timestamp":1693938658684,"stderr":true,"stdout":" "},"type":"ws_msg"}
{"payload":{"local_timestamp":1693938658684,"stderr":true,"stdout":" "},"type":"ws_msg"}
{"payload":{"local_timestamp":1693938658684,"stderr":true,"stdout":" "},"type":"ws_msg"}
{"payload":{"local_timestamp":1693938658684,"stderr":true,"stdout":" "},"type":"ws_msg"}
{"payload":{"local_timestamp":1693938658684,"stderr":true,"stdout":" "},"type":"ws_msg"}
{"payload":{"local_timestamp":1693938658684,"stderr":true,"stdout":" "},"type":"ws_msg"}
{"payload":{"local_timestamp":1693938658684,"stderr":true,"stdout":" "},"type":"ws_msg"}
{"payload":{"local_timestamp":1693938658684,"stderr":true,"stdout":" "},"type":"ws_msg"}
{"payload":{"local_timestamp":1693938658684,"stderr":true,"stdout":"^"},"type":"ws_msg"}
{"payload":{"local_timestamp":1693938658684,"stderr":true,"stdout":"^"},"type":"ws_msg"}
{"payload":{"local_timestamp":1693938658684,"stderr":true,"stdout":"^"},"type":"ws_msg"}
{"payload":{"local_timestamp":1693938658684,"stderr":true,"stdout":"^"},"type":"ws_msg"}
{"payload":{"local_timestamp":1693938658684,"stderr":true,"stdout":"^"},"type":"ws_msg"}
{"payload":{"local_timestamp":1693938658684,"stderr":true,"stdout":"^"},"type":"ws_msg"}
{"payload":{"local_timestamp":1693938658684,"stderr":true,"stdout":"^"},"type":"ws_msg"}
{"payload":{"local_timestamp":1693938658684,"stderr":true,"stdout":"^"},"type":"ws_msg"}
{"payload":{"local_timestamp":1693938658684,"stderr":true,"stdout":"^"},"type":"ws_msg"}
{"payload":{"local_timestamp":1693938658684,"stderr":true,"stdout":"^"},"type":"ws_msg"}
{"payload":{"local_timestamp":1693938658684,"stderr":true,"stdout":"^"},"type":"ws_msg"}
{"payload":{"local_timestamp":1693938658684,"stderr":true,"stdout":"^"},"type":"ws_msg"}
{"payload":{"local_timestamp":1693938658684,"stderr":true,"stdout":"^"},"type":"ws_msg"}
{"payload":{"local_timestamp":1693938658684,"stderr":true,"stdout":"^"},"type":"ws_msg"}
{"payload":{"local_timestamp":1693938658684,"stderr":true,"stdout":"^"},"type":"ws_msg"}
{"payload":{"local_timestamp":1693938658684,"stderr":true,"stdout":"^"},"type":"ws_msg"}
{"payload":{"local_timestamp":1693938658684,"stderr":true,"stdout":"^"},"type":"ws_msg"}
{"payload":{"local_timestamp":1693938658684,"stderr":true,"stdout":"^"},"type":"ws_msg"}
{"payload":{"local_timestamp":1693938658684,"stderr":true,"stdout":"^"},"type":"ws_msg"}
{"payload":{"local_timestamp":1693938658684,"stderr":true,"stdout":"^"},"type":"ws_msg"}
{"payload":{"local_timestamp":1693938658684,"stderr":true,"stdout":"^"},"type":"ws_msg"}
{"payload":{"local_timestamp":1693938658684,"stderr":true,"stdout":"^"},"type":"ws_msg"}
{"payload":{"local_timestamp":1693938658684,"stderr":true,"stdout":"^"},"type":"ws_msg"}
{"payload":{"local_timestamp":1693938658684,"stderr":true,"stdout":"^"},"type":"ws_msg"}
{"payload":{"local_timestamp":1693938658684,"stderr":true,"stdout":"^"},"type":"ws_msg"}
{"payload":{"local_timestamp":1693938658684,"stderr":true,"stdout":"^"},"type":"ws_msg"}
{"payload":{"local_timestamp":1693938658684,"stderr":true,"stdout":"^"},"type":"ws_msg"}
{"payload":{"local_timestamp":1693938658684,"stderr":true,"stdout":"^"},"type":"ws_msg"}
{"payload":{"local_timestamp":1693938658684,"stderr":true,"stdout":"^"},"type":"ws_msg"}
{"payload":{"local_timestamp":1693938658684,"stderr":true,"stdout":"^"},"type":"ws_msg"}
{"payload":{"local_timestamp":1693938658684,"stderr":true,"stdout":"^"},"type":"ws_msg"}
{"payload":{"local_timestamp":1693938658684,"stderr":true,"stdout":"\n"},"type":"ws_msg"}
{"payload":{"local_timestamp":1693938658684,"stderr":true,"stdout":"  File \"H:\\\ub0b4 \ub4dc\ub77c\uc774\ube0c\\0. Run\\1. Research\\2. HangingObjectDetection\\HOD\\codes\\models\\yolov5\\utils\\loggers\\comet\\__init__.py\", line 98, in __init__\n"},"type":"ws_msg"}
{"payload":{"local_timestamp":1693938658693,"stderr":true,"stdout":"    "},"type":"ws_msg"}
{"payload":{"local_timestamp":1693938658693,"stderr":true,"stdout":"self.data_dict = self.check_dataset(self.opt.data)"},"type":"ws_msg"}
{"payload":{"local_timestamp":1693938658694,"stderr":true,"stdout":"\n"},"type":"ws_msg"}
{"payload":{"local_timestamp":1693938658694,"stderr":true,"stdout":" "},"type":"ws_msg"}
{"payload":{"local_timestamp":1693938658694,"stderr":true,"stdout":" "},"type":"ws_msg"}
{"payload":{"local_timestamp":1693938658694,"stderr":true,"stdout":" "},"type":"ws_msg"}
{"payload":{"local_timestamp":1693938658694,"stderr":true,"stdout":" "},"type":"ws_msg"}
{"payload":{"local_timestamp":1693938658694,"stderr":true,"stdout":" "},"type":"ws_msg"}
{"payload":{"local_timestamp":1693938658694,"stderr":true,"stdout":" "},"type":"ws_msg"}
{"payload":{"local_timestamp":1693938658694,"stderr":true,"stdout":" "},"type":"ws_msg"}
{"payload":{"local_timestamp":1693938658694,"stderr":true,"stdout":" "},"type":"ws_msg"}
{"payload":{"local_timestamp":1693938658694,"stderr":true,"stdout":" "},"type":"ws_msg"}
{"payload":{"local_timestamp":1693938658694,"stderr":true,"stdout":" "},"type":"ws_msg"}
{"payload":{"local_timestamp":1693938658694,"stderr":true,"stdout":" "},"type":"ws_msg"}
{"payload":{"local_timestamp":1693938658694,"stderr":true,"stdout":" "},"type":"ws_msg"}
{"payload":{"local_timestamp":1693938658694,"stderr":true,"stdout":" "},"type":"ws_msg"}
{"payload":{"local_timestamp":1693938658694,"stderr":true,"stdout":" "},"type":"ws_msg"}
{"payload":{"local_timestamp":1693938658694,"stderr":true,"stdout":" "},"type":"ws_msg"}
{"payload":{"local_timestamp":1693938658694,"stderr":true,"stdout":" "},"type":"ws_msg"}
{"payload":{"local_timestamp":1693938658694,"stderr":true,"stdout":" "},"type":"ws_msg"}
{"payload":{"local_timestamp":1693938658694,"stderr":true,"stdout":" "},"type":"ws_msg"}
{"payload":{"local_timestamp":1693938658694,"stderr":true,"stdout":" "},"type":"ws_msg"}
{"payload":{"local_timestamp":1693938658694,"stderr":true,"stdout":" "},"type":"ws_msg"}
{"payload":{"local_timestamp":1693938658694,"stderr":true,"stdout":" "},"type":"ws_msg"}
{"payload":{"local_timestamp":1693938658694,"stderr":true,"stdout":"^"},"type":"ws_msg"}
{"payload":{"local_timestamp":1693938658694,"stderr":true,"stdout":"^"},"type":"ws_msg"}
{"payload":{"local_timestamp":1693938658694,"stderr":true,"stdout":"^"},"type":"ws_msg"}
{"payload":{"local_timestamp":1693938658694,"stderr":true,"stdout":"^"},"type":"ws_msg"}
{"payload":{"local_timestamp":1693938658694,"stderr":true,"stdout":"^"},"type":"ws_msg"}
{"payload":{"local_timestamp":1693938658694,"stderr":true,"stdout":"^"},"type":"ws_msg"}
{"payload":{"local_timestamp":1693938658694,"stderr":true,"stdout":"^"},"type":"ws_msg"}
{"payload":{"local_timestamp":1693938658694,"stderr":true,"stdout":"^"},"type":"ws_msg"}
{"payload":{"local_timestamp":1693938658694,"stderr":true,"stdout":"^"},"type":"ws_msg"}
{"payload":{"local_timestamp":1693938658694,"stderr":true,"stdout":"^"},"type":"ws_msg"}
{"payload":{"local_timestamp":1693938658694,"stderr":true,"stdout":"^"},"type":"ws_msg"}
{"payload":{"local_timestamp":1693938658694,"stderr":true,"stdout":"^"},"type":"ws_msg"}
{"payload":{"local_timestamp":1693938658694,"stderr":true,"stdout":"^"},"type":"ws_msg"}
{"payload":{"local_timestamp":1693938658694,"stderr":true,"stdout":"^"},"type":"ws_msg"}
{"payload":{"local_timestamp":1693938658694,"stderr":true,"stdout":"^"},"type":"ws_msg"}
{"payload":{"local_timestamp":1693938658694,"stderr":true,"stdout":"^"},"type":"ws_msg"}
{"payload":{"local_timestamp":1693938658694,"stderr":true,"stdout":"^"},"type":"ws_msg"}
{"payload":{"local_timestamp":1693938658694,"stderr":true,"stdout":"^"},"type":"ws_msg"}
{"payload":{"local_timestamp":1693938658694,"stderr":true,"stdout":"^"},"type":"ws_msg"}
{"payload":{"local_timestamp":1693938658694,"stderr":true,"stdout":"^"},"type":"ws_msg"}
{"payload":{"local_timestamp":1693938658694,"stderr":true,"stdout":"^"},"type":"ws_msg"}
{"payload":{"local_timestamp":1693938658694,"stderr":true,"stdout":"^"},"type":"ws_msg"}
{"payload":{"local_timestamp":1693938658694,"stderr":true,"stdout":"^"},"type":"ws_msg"}
{"payload":{"local_timestamp":1693938658694,"stderr":true,"stdout":"^"},"type":"ws_msg"}
{"payload":{"local_timestamp":1693938658694,"stderr":true,"stdout":"^"},"type":"ws_msg"}
{"payload":{"local_timestamp":1693938658694,"stderr":true,"stdout":"^"},"type":"ws_msg"}
{"payload":{"local_timestamp":1693938658694,"stderr":true,"stdout":"^"},"type":"ws_msg"}
{"payload":{"local_timestamp":1693938658694,"stderr":true,"stdout":"^"},"type":"ws_msg"}
{"payload":{"local_timestamp":1693938658694,"stderr":true,"stdout":"^"},"type":"ws_msg"}
{"payload":{"local_timestamp":1693938658694,"stderr":true,"stdout":"^"},"type":"ws_msg"}
{"payload":{"local_timestamp":1693938658694,"stderr":true,"stdout":"^"},"type":"ws_msg"}
{"payload":{"local_timestamp":1693938658694,"stderr":true,"stdout":"^"},"type":"ws_msg"}
{"payload":{"local_timestamp":1693938658694,"stderr":true,"stdout":"^"},"type":"ws_msg"}
{"payload":{"local_timestamp":1693938658694,"stderr":true,"stdout":"\n"},"type":"ws_msg"}
{"payload":{"local_timestamp":1693938658694,"stderr":true,"stdout":"  File \"H:\\\ub0b4 \ub4dc\ub77c\uc774\ube0c\\0. Run\\1. Research\\2. HangingObjectDetection\\HOD\\codes\\models\\yolov5\\utils\\loggers\\comet\\__init__.py\", line 244, in check_dataset\n"},"type":"ws_msg"}
{"payload":{"local_timestamp":1693938658697,"stderr":true,"stdout":"    "},"type":"ws_msg"}
{"payload":{"local_timestamp":1693938658697,"stderr":true,"stdout":"return check_dataset(data_file)"},"type":"ws_msg"}
{"payload":{"local_timestamp":1693938658697,"stderr":true,"stdout":"\n"},"type":"ws_msg"}
{"payload":{"local_timestamp":1693938658697,"stderr":true,"stdout":" "},"type":"ws_msg"}
{"payload":{"local_timestamp":1693938658697,"stderr":true,"stdout":" "},"type":"ws_msg"}
{"payload":{"local_timestamp":1693938658697,"stderr":true,"stdout":" "},"type":"ws_msg"}
{"payload":{"local_timestamp":1693938658697,"stderr":true,"stdout":" "},"type":"ws_msg"}
{"payload":{"local_timestamp":1693938658697,"stderr":true,"stdout":" "},"type":"ws_msg"}
{"payload":{"local_timestamp":1693938658697,"stderr":true,"stdout":" "},"type":"ws_msg"}
{"payload":{"local_timestamp":1693938658697,"stderr":true,"stdout":" "},"type":"ws_msg"}
{"payload":{"local_timestamp":1693938658697,"stderr":true,"stdout":" "},"type":"ws_msg"}
{"payload":{"local_timestamp":1693938658697,"stderr":true,"stdout":" "},"type":"ws_msg"}
{"payload":{"local_timestamp":1693938658697,"stderr":true,"stdout":" "},"type":"ws_msg"}
{"payload":{"local_timestamp":1693938658697,"stderr":true,"stdout":" "},"type":"ws_msg"}
{"payload":{"local_timestamp":1693938658697,"stderr":true,"stdout":"^"},"type":"ws_msg"}
{"payload":{"local_timestamp":1693938658697,"stderr":true,"stdout":"^"},"type":"ws_msg"}
{"payload":{"local_timestamp":1693938658697,"stderr":true,"stdout":"^"},"type":"ws_msg"}
{"payload":{"local_timestamp":1693938658697,"stderr":true,"stdout":"^"},"type":"ws_msg"}
{"payload":{"local_timestamp":1693938658697,"stderr":true,"stdout":"^"},"type":"ws_msg"}
{"payload":{"local_timestamp":1693938658697,"stderr":true,"stdout":"^"},"type":"ws_msg"}
{"payload":{"local_timestamp":1693938658697,"stderr":true,"stdout":"^"},"type":"ws_msg"}
{"payload":{"local_timestamp":1693938658697,"stderr":true,"stdout":"^"},"type":"ws_msg"}
{"payload":{"local_timestamp":1693938658697,"stderr":true,"stdout":"^"},"type":"ws_msg"}
{"payload":{"local_timestamp":1693938658697,"stderr":true,"stdout":"^"},"type":"ws_msg"}
{"payload":{"local_timestamp":1693938658697,"stderr":true,"stdout":"^"},"type":"ws_msg"}
{"payload":{"local_timestamp":1693938658697,"stderr":true,"stdout":"^"},"type":"ws_msg"}
{"payload":{"local_timestamp":1693938658697,"stderr":true,"stdout":"^"},"type":"ws_msg"}
{"payload":{"local_timestamp":1693938658697,"stderr":true,"stdout":"^"},"type":"ws_msg"}
{"payload":{"local_timestamp":1693938658697,"stderr":true,"stdout":"^"},"type":"ws_msg"}
{"payload":{"local_timestamp":1693938658697,"stderr":true,"stdout":"^"},"type":"ws_msg"}
{"payload":{"local_timestamp":1693938658697,"stderr":true,"stdout":"^"},"type":"ws_msg"}
{"payload":{"local_timestamp":1693938658697,"stderr":true,"stdout":"^"},"type":"ws_msg"}
{"payload":{"local_timestamp":1693938658697,"stderr":true,"stdout":"^"},"type":"ws_msg"}
{"payload":{"local_timestamp":1693938658697,"stderr":true,"stdout":"^"},"type":"ws_msg"}
{"payload":{"local_timestamp":1693938658697,"stderr":true,"stdout":"^"},"type":"ws_msg"}
{"payload":{"local_timestamp":1693938658697,"stderr":true,"stdout":"^"},"type":"ws_msg"}
{"payload":{"local_timestamp":1693938658697,"stderr":true,"stdout":"^"},"type":"ws_msg"}
{"payload":{"local_timestamp":1693938658697,"stderr":true,"stdout":"^"},"type":"ws_msg"}
{"payload":{"local_timestamp":1693938658697,"stderr":true,"stdout":"\n"},"type":"ws_msg"}
{"payload":{"local_timestamp":1693938658698,"stderr":true,"stdout":"  File \"H:\\\ub0b4 \ub4dc\ub77c\uc774\ube0c\\0. Run\\1. Research\\2. HangingObjectDetection\\HOD\\codes\\models\\yolov5\\utils\\general.py\", line 527, in check_dataset\n"},"type":"ws_msg"}
{"payload":{"local_timestamp":1693938658700,"stderr":true,"stdout":"    "},"type":"ws_msg"}
{"payload":{"local_timestamp":1693938658700,"stderr":true,"stdout":"raise Exception('Dataset not found \u274c')"},"type":"ws_msg"}
{"payload":{"local_timestamp":1693938658700,"stderr":true,"stdout":"\n"},"type":"ws_msg"}
{"payload":{"local_timestamp":1693938658700,"stderr":true,"stdout":"Exception"},"type":"ws_msg"}
{"payload":{"local_timestamp":1693938658700,"stderr":true,"stdout":": "},"type":"ws_msg"}
{"payload":{"local_timestamp":1693938658700,"stderr":true,"stdout":"Dataset not found \u274c"},"type":"ws_msg"}
{"payload":{"local_timestamp":1693938658700,"stderr":true,"stdout":"\n"},"type":"ws_msg"}
{"payload":{"git_meta":{"branch":"refs/heads/main","origin":"https://github.com/separk-1/HOD.git","parent":"6c21206724fddf6238d5787880d67af593a19a53","repo_name":"HOD","root":"f57b8a962158efa59cd3135b9e780bda1498edf5","status":null,"user":"separk-1"},"local_timestamp":1693938658835},"type":"ws_msg"}
{"payload":{"additional_params":{"assetId":"c4f35dfa2aa94fc19fab2a556b711aad","context":null,"epoch":null,"extension":"yml","fileName":"conda-environment.yml","overwrite":false,"runId":null,"step":null,"type":"conda-environment-definition"},"clean":true,"file_path":"tmplqlzh1ua","local_timestamp":1693938660842,"metadata":{},"upload_type":"conda-environment-definition"},"type":"file_upload"}
{"payload":{"additional_params":{"assetId":"e8cce7399d1a489498f616c6f2224f13","context":null,"epoch":null,"extension":"txt","fileName":"conda-spec.txt","overwrite":false,"runId":null,"step":null,"type":"conda-specification"},"clean":true,"file_path":"tmp6_7x75pa","local_timestamp":1693938661204,"metadata":{},"upload_type":"conda-specification"},"type":"file_upload"}
{"payload":{"additional_params":{"assetId":"49e5bc0571754b9da53064256ba5990d","context":null,"epoch":null,"extension":"yml","fileName":"conda-info.yml","overwrite":false,"runId":null,"step":null,"type":"conda-info"},"clean":true,"file_path":"tmpan87bj9i","local_timestamp":1693938661681,"metadata":{},"upload_type":"conda-info"},"type":"file_upload"}
{"payload":{"local_timestamp":1693938661683,"stderr":true,"stdout":"\u001b[1;38;5;39mCOMET INFO:\u001b[0m ---------------------------------------------------------------------------------------\n"},"type":"ws_msg"}
{"payload":{"local_timestamp":1693938661683,"stderr":true,"stdout":"\u001b[1;38;5;39mCOMET INFO:\u001b[0m Comet.ml OfflineExperiment Summary\n"},"type":"ws_msg"}
{"payload":{"local_timestamp":1693938661683,"stderr":true,"stdout":"\u001b[1;38;5;39mCOMET INFO:\u001b[0m ---------------------------------------------------------------------------------------\n"},"type":"ws_msg"}
{"payload":{"local_timestamp":1693938661683,"stderr":true,"stdout":"\u001b[1;38;5;39mCOMET INFO:\u001b[0m   Data:\n"},"type":"ws_msg"}
{"payload":{"local_timestamp":1693938661684,"stderr":true,"stdout":"\u001b[1;38;5;39mCOMET INFO:\u001b[0m     display_summary_level : 1\n"},"type":"ws_msg"}
{"payload":{"local_timestamp":1693938661684,"stderr":true,"stdout":"\u001b[1;38;5;39mCOMET INFO:\u001b[0m     url                   : [OfflineExperiment will get URL after upload]\n"},"type":"ws_msg"}
{"payload":{"local_timestamp":1693938661684,"stderr":true,"stdout":"\u001b[1;38;5;39mCOMET INFO:\u001b[0m   Others:\n"},"type":"ws_msg"}
{"payload":{"local_timestamp":1693938661684,"stderr":true,"stdout":"\u001b[1;38;5;39mCOMET INFO:\u001b[0m     Name               : exp\n"},"type":"ws_msg"}
{"payload":{"local_timestamp":1693938661684,"stderr":true,"stdout":"\u001b[1;38;5;39mCOMET INFO:\u001b[0m     offline_experiment : True\n"},"type":"ws_msg"}
{"payload":{"local_timestamp":1693938661685,"stderr":true,"stdout":"\u001b[1;38;5;39mCOMET INFO:\u001b[0m   Uploads:\n"},"type":"ws_msg"}
{"payload":{"local_timestamp":1693938661685,"stderr":true,"stdout":"\u001b[1;38;5;39mCOMET INFO:\u001b[0m     asset                        : 1 (135 bytes)\n"},"type":"ws_msg"}
{"payload":{"local_timestamp":1693938661685,"stderr":true,"stdout":"\u001b[1;38;5;39mCOMET INFO:\u001b[0m     conda-environment-definition : 1\n"},"type":"ws_msg"}
{"payload":{"local_timestamp":1693938661685,"stderr":true,"stdout":"\u001b[1;38;5;39mCOMET INFO:\u001b[0m     conda-info                   : 1\n"},"type":"ws_msg"}
{"payload":{"local_timestamp":1693938661685,"stderr":true,"stdout":"\u001b[1;38;5;39mCOMET INFO:\u001b[0m     conda-specification          : 1\n"},"type":"ws_msg"}
{"payload":{"local_timestamp":1693938661685,"stderr":true,"stdout":"\u001b[1;38;5;39mCOMET INFO:\u001b[0m     environment details          : 1\n"},"type":"ws_msg"}
{"payload":{"local_timestamp":1693938661686,"stderr":true,"stdout":"\u001b[1;38;5;39mCOMET INFO:\u001b[0m     git metadata                 : 1\n"},"type":"ws_msg"}
{"payload":{"local_timestamp":1693938661686,"stderr":true,"stdout":"\u001b[1;38;5;39mCOMET INFO:\u001b[0m     installed packages           : 1\n"},"type":"ws_msg"}
{"payload":{"local_timestamp":1693938661686,"stderr":true,"stdout":"\u001b[1;38;5;39mCOMET INFO:\u001b[0m \n"},"type":"ws_msg"}
