{"payload":{"installed_packages":["-illow==10.0.0","-pencv-python==4.8.0.74","attrs==23.1.0","cachetools==5.3.1","certifi==2023.5.7","charset-normalizer==3.2.0","colorama==0.4.6","comet-ml==3.33.9","configobj==5.0.8","contourpy==1.1.0","cycler==0.11.0","dulwich==0.21.6","everett==3.1.0","ffmpeg-python==0.2.0","filelock==3.12.3","fonttools==4.42.1","fsspec==2023.4.0","future==0.18.3","gitdb==4.0.10","gitpython==3.1.34","google-auth-oauthlib==1.0.0","google-auth==2.22.0","gspread==5.10.0","h5py==3.7.0","httplib2==0.22.0","idna==3.4","jinja2==3.1.2","joblib==1.3.2","jsonschema-specifications==2023.7.1","jsonschema==4.19.0","kiwisolver==1.4.5","markdown-it-py==3.0.0","markupsafe==2.1.3","matplotlib==3.7.2","mdurl==0.1.2","mkl-fft==1.3.6","mkl-random==1.2.2","mkl-service==2.4.0","mpmath==1.3.0","networkx==3.1","numpy==1.25.0","oauth2client==4.1.3","oauthlib==3.2.2","opencv-contrib-python==4.8.0.74","opencv-python==4.8.0.76","packaging==23.1","pandas==2.0.3","pillow==10.0.0","pip==23.2.1","psutil==5.9.5","py-cpuinfo==9.0.0","pyasn1-modules==0.3.0","pyasn1==0.5.0","pycocotools==2.0.7","pygments==2.16.1","pyparsing==3.0.9","python-box==6.1.0","python-dateutil==2.8.2","pytz==2023.3","pyyaml==6.0.1","referencing==0.30.2","requests-oauthlib==1.3.1","requests-toolbelt==1.0.0","requests==2.31.0","rich==13.5.2","rpds-py==0.10.2","rsa==4.9","scikit-learn==1.3.0","scipy==1.11.2","seaborn==0.12.2","semantic-version==2.10.0","sentry-sdk==1.30.0","setuptools==68.0.0","simplejson==3.19.1","six==1.16.0","smmap==5.0.0","subprocess.run==0.0.8","sympy==1.12","thop==0.1.1.post2209072238","threadpoolctl==3.2.0","torch==2.1.0.dev20230830+cu121","torchaudio==2.1.0.dev20230830+cu121","torchvision==0.16.0.dev20230830+cu121","tqdm==4.66.1","typing-extensions==4.7.1","tzdata==2023.3","ultralytics==8.0.171","urllib3==1.26.16","websocket-client==1.3.3","wheel==0.38.4","wrapt==1.15.0","wurlitzer==3.0.3"],"local_timestamp":1695119749849},"type":"ws_msg"}
{"payload":{"env_details":{"command":["./codes/models/yolov5/train.py","--data","./codes/models/yolov5/data/custom_dataset.yaml","--epochs","1","--device","0"],"env":null,"hostname":"DESKTOP-JMRLNN7","ip":"192.168.200.117","machine":"AMD64","os":"Windows-10-10.0.22621-SP0","os_release":"10","os_type":"Windows","pid":4388,"processor":"Intel64 Family 6 Model 151 Stepping 2, GenuineIntel","python_exe":"C:\\Users\\SEPARK\\anaconda3\\envs\\HOD\\python.exe","python_version":"3.11.4","python_version_verbose":"3.11.4 | packaged by Anaconda, Inc. | (main, Jul  5 2023, 13:47:18) [MSC v.1916 64 bit (AMD64)]","user":"SEPARK"},"local_timestamp":1695119749875},"type":"ws_msg"}
{"payload":{"gpu_static_info":[{"gpu_index":0,"name":"NVIDIA GeForce RTX 3060 Ti","power_limit":200000,"total_memory":8589934592,"uuid":"GPU-fe8ef48b-d717-5608-427d-e25393002d08"}],"local_timestamp":1695119749911},"type":"ws_msg"}
{"payload":{"local_timestamp":1695119749919,"stderr":true,"stdout":"\u001b[1;38;5;214mCOMET WARNING:\u001b[0m You are trying to log string value as a metric. This is not recommended.\n"},"type":"ws_msg"}
{"payload":{"local_timestamp":1695119749919,"metric":{"epoch":null,"metricName":"sys.gpu.0.total_memory","metricValue":8589934592,"step":null}},"type":"metric_msg"}
{"payload":{"local_timestamp":1695119750197,"metric":{"epoch":null,"metricName":"sys.cpu.percent.avg","metricValue":2.8250000000000006,"step":null}},"type":"metric_msg"}
{"payload":{"local_timestamp":1695119750197,"metric":{"epoch":null,"metricName":"sys.load.avg","metricValue":0.0,"step":null}},"type":"metric_msg"}
{"payload":{"local_timestamp":1695119750197,"metric":{"epoch":null,"metricName":"sys.ram.total","metricValue":16984236032,"step":null}},"type":"metric_msg"}
{"payload":{"local_timestamp":1695119750197,"metric":{"epoch":null,"metricName":"sys.ram.used","metricValue":7396737024,"step":null}},"type":"metric_msg"}
{"payload":{"local_timestamp":1695119750205,"param":{"paramName":"data","paramValue":"./codes/models/yolov5/data/custom_dataset.yaml","source":"cli","step":null}},"type":"parameter_msg"}
{"payload":{"local_timestamp":1695119750205,"param":{"paramName":"epochs","paramValue":1,"source":"cli","step":null}},"type":"parameter_msg"}
{"payload":{"local_timestamp":1695119750205,"param":{"paramName":"device","paramValue":0,"source":"cli","step":null}},"type":"parameter_msg"}
{"payload":{"local_timestamp":1695119750206,"log_other":{"key":"offline_experiment","val":true}},"type":"ws_msg"}
{"payload":{"local_timestamp":1695119750206,"log_other":{"key":"Name","val":"exp"}},"type":"ws_msg"}
{"payload":{"local_timestamp":1695119750213,"metric":{"epoch":null,"metricName":"sys.gpu.0.free_memory","metricValue":8050720768,"step":null}},"type":"metric_msg"}
{"payload":{"local_timestamp":1695119750213,"metric":{"epoch":null,"metricName":"sys.gpu.0.gpu_utilization","metricValue":14,"step":null}},"type":"metric_msg"}
{"payload":{"local_timestamp":1695119750213,"metric":{"epoch":null,"metricName":"sys.gpu.0.power_usage","metricValue":11877,"step":null}},"type":"metric_msg"}
{"payload":{"local_timestamp":1695119750213,"metric":{"epoch":null,"metricName":"sys.gpu.0.temperature","metricValue":42,"step":null}},"type":"metric_msg"}
{"payload":{"local_timestamp":1695119750213,"metric":{"epoch":null,"metricName":"sys.gpu.0.used_memory","metricValue":539213824,"step":null}},"type":"metric_msg"}
{"payload":{"additional_params":{"assetId":"06244ca3fabe453ea22d62e642f4fb56","context":null,"extension":"yaml","fileName":"custom_dataset.yaml","overwrite":false,"runId":null,"step":null},"clean":true,"file_path":"tmpgbahi410","local_timestamp":1695119750815,"metadata":{"type":"data-config-file"},"upload_type":"asset"},"type":"file_upload"}
{"payload":{"local_timestamp":1695119750849,"stderr":true,"stdout":"\nDataset not found , missing paths ['D:\\\\Dataset\\\\Sample\\\\0919\\\\val\\\\images']\n"},"type":"ws_msg"}
{"payload":{"local_timestamp":1695119750850,"stderr":true,"stdout":"Traceback (most recent call last):\n"},"type":"ws_msg"}
{"payload":{"local_timestamp":1695119750850,"stderr":true,"stdout":"  File \"G:\\\ub0b4 \ub4dc\ub77c\uc774\ube0c\\0. Run\\1. Research\\2. HangingObjectDetection\\HOD\\codes\\models\\yolov5\\train.py\", line 647, in <module>\n"},"type":"ws_msg"}
{"payload":{"local_timestamp":1695119750864,"stderr":true,"stdout":"    "},"type":"ws_msg"}
{"payload":{"local_timestamp":1695119750864,"stderr":true,"stdout":"main(opt)"},"type":"ws_msg"}
{"payload":{"local_timestamp":1695119750864,"stderr":true,"stdout":"\n"},"type":"ws_msg"}
{"payload":{"local_timestamp":1695119750866,"stderr":true,"stdout":"  File \"G:\\\ub0b4 \ub4dc\ub77c\uc774\ube0c\\0. Run\\1. Research\\2. HangingObjectDetection\\HOD\\codes\\models\\yolov5\\train.py\", line 536, in main\n"},"type":"ws_msg"}
{"payload":{"local_timestamp":1695119750868,"stderr":true,"stdout":"    "},"type":"ws_msg"}
{"payload":{"local_timestamp":1695119750868,"stderr":true,"stdout":"train(opt.hyp, opt, device, callbacks)"},"type":"ws_msg"}
{"payload":{"local_timestamp":1695119750868,"stderr":true,"stdout":"\n"},"type":"ws_msg"}
{"payload":{"local_timestamp":1695119750868,"stderr":true,"stdout":"  File \"G:\\\ub0b4 \ub4dc\ub77c\uc774\ube0c\\0. Run\\1. Research\\2. HangingObjectDetection\\HOD\\codes\\models\\yolov5\\train.py\", line 101, in train\n"},"type":"ws_msg"}
{"payload":{"local_timestamp":1695119750873,"stderr":true,"stdout":"    "},"type":"ws_msg"}
{"payload":{"local_timestamp":1695119750873,"stderr":true,"stdout":"loggers = Loggers(save_dir, weights, opt, hyp, LOGGER)  # loggers instance"},"type":"ws_msg"}
{"payload":{"local_timestamp":1695119750874,"stderr":true,"stdout":"\n"},"type":"ws_msg"}
{"payload":{"local_timestamp":1695119750874,"stderr":true,"stdout":" "},"type":"ws_msg"}
{"payload":{"local_timestamp":1695119750874,"stderr":true,"stdout":" "},"type":"ws_msg"}
{"payload":{"local_timestamp":1695119750874,"stderr":true,"stdout":" "},"type":"ws_msg"}
{"payload":{"local_timestamp":1695119750874,"stderr":true,"stdout":" "},"type":"ws_msg"}
{"payload":{"local_timestamp":1695119750874,"stderr":true,"stdout":" "},"type":"ws_msg"}
{"payload":{"local_timestamp":1695119750874,"stderr":true,"stdout":" "},"type":"ws_msg"}
{"payload":{"local_timestamp":1695119750874,"stderr":true,"stdout":" "},"type":"ws_msg"}
{"payload":{"local_timestamp":1695119750874,"stderr":true,"stdout":" "},"type":"ws_msg"}
{"payload":{"local_timestamp":1695119750874,"stderr":true,"stdout":" "},"type":"ws_msg"}
{"payload":{"local_timestamp":1695119750874,"stderr":true,"stdout":" "},"type":"ws_msg"}
{"payload":{"local_timestamp":1695119750874,"stderr":true,"stdout":" "},"type":"ws_msg"}
{"payload":{"local_timestamp":1695119750874,"stderr":true,"stdout":" "},"type":"ws_msg"}
{"payload":{"local_timestamp":1695119750874,"stderr":true,"stdout":" "},"type":"ws_msg"}
{"payload":{"local_timestamp":1695119750874,"stderr":true,"stdout":" "},"type":"ws_msg"}
{"payload":{"local_timestamp":1695119750874,"stderr":true,"stdout":"^"},"type":"ws_msg"}
{"payload":{"local_timestamp":1695119750874,"stderr":true,"stdout":"^"},"type":"ws_msg"}
{"payload":{"local_timestamp":1695119750874,"stderr":true,"stdout":"^"},"type":"ws_msg"}
{"payload":{"local_timestamp":1695119750874,"stderr":true,"stdout":"^"},"type":"ws_msg"}
{"payload":{"local_timestamp":1695119750874,"stderr":true,"stdout":"^"},"type":"ws_msg"}
{"payload":{"local_timestamp":1695119750874,"stderr":true,"stdout":"^"},"type":"ws_msg"}
{"payload":{"local_timestamp":1695119750874,"stderr":true,"stdout":"^"},"type":"ws_msg"}
{"payload":{"local_timestamp":1695119750874,"stderr":true,"stdout":"^"},"type":"ws_msg"}
{"payload":{"local_timestamp":1695119750874,"stderr":true,"stdout":"^"},"type":"ws_msg"}
{"payload":{"local_timestamp":1695119750874,"stderr":true,"stdout":"^"},"type":"ws_msg"}
{"payload":{"local_timestamp":1695119750874,"stderr":true,"stdout":"^"},"type":"ws_msg"}
{"payload":{"local_timestamp":1695119750874,"stderr":true,"stdout":"^"},"type":"ws_msg"}
{"payload":{"local_timestamp":1695119750874,"stderr":true,"stdout":"^"},"type":"ws_msg"}
{"payload":{"local_timestamp":1695119750874,"stderr":true,"stdout":"^"},"type":"ws_msg"}
{"payload":{"local_timestamp":1695119750874,"stderr":true,"stdout":"^"},"type":"ws_msg"}
{"payload":{"local_timestamp":1695119750874,"stderr":true,"stdout":"^"},"type":"ws_msg"}
{"payload":{"local_timestamp":1695119750874,"stderr":true,"stdout":"^"},"type":"ws_msg"}
{"payload":{"local_timestamp":1695119750874,"stderr":true,"stdout":"^"},"type":"ws_msg"}
{"payload":{"local_timestamp":1695119750874,"stderr":true,"stdout":"^"},"type":"ws_msg"}
{"payload":{"local_timestamp":1695119750874,"stderr":true,"stdout":"^"},"type":"ws_msg"}
{"payload":{"local_timestamp":1695119750874,"stderr":true,"stdout":"^"},"type":"ws_msg"}
{"payload":{"local_timestamp":1695119750874,"stderr":true,"stdout":"^"},"type":"ws_msg"}
{"payload":{"local_timestamp":1695119750874,"stderr":true,"stdout":"^"},"type":"ws_msg"}
{"payload":{"local_timestamp":1695119750874,"stderr":true,"stdout":"^"},"type":"ws_msg"}
{"payload":{"local_timestamp":1695119750874,"stderr":true,"stdout":"^"},"type":"ws_msg"}
{"payload":{"local_timestamp":1695119750874,"stderr":true,"stdout":"^"},"type":"ws_msg"}
{"payload":{"local_timestamp":1695119750874,"stderr":true,"stdout":"^"},"type":"ws_msg"}
{"payload":{"local_timestamp":1695119750874,"stderr":true,"stdout":"^"},"type":"ws_msg"}
{"payload":{"local_timestamp":1695119750874,"stderr":true,"stdout":"^"},"type":"ws_msg"}
{"payload":{"local_timestamp":1695119750874,"stderr":true,"stdout":"^"},"type":"ws_msg"}
{"payload":{"local_timestamp":1695119750874,"stderr":true,"stdout":"^"},"type":"ws_msg"}
{"payload":{"local_timestamp":1695119750874,"stderr":true,"stdout":"^"},"type":"ws_msg"}
{"payload":{"local_timestamp":1695119750874,"stderr":true,"stdout":"^"},"type":"ws_msg"}
{"payload":{"local_timestamp":1695119750874,"stderr":true,"stdout":"^"},"type":"ws_msg"}
{"payload":{"local_timestamp":1695119750874,"stderr":true,"stdout":"^"},"type":"ws_msg"}
{"payload":{"local_timestamp":1695119750874,"stderr":true,"stdout":"^"},"type":"ws_msg"}
{"payload":{"local_timestamp":1695119750874,"stderr":true,"stdout":"^"},"type":"ws_msg"}
{"payload":{"local_timestamp":1695119750874,"stderr":true,"stdout":"^"},"type":"ws_msg"}
{"payload":{"local_timestamp":1695119750874,"stderr":true,"stdout":"^"},"type":"ws_msg"}
{"payload":{"local_timestamp":1695119750874,"stderr":true,"stdout":"^"},"type":"ws_msg"}
{"payload":{"local_timestamp":1695119750874,"stderr":true,"stdout":"^"},"type":"ws_msg"}
{"payload":{"local_timestamp":1695119750874,"stderr":true,"stdout":"^"},"type":"ws_msg"}
{"payload":{"local_timestamp":1695119750874,"stderr":true,"stdout":"^"},"type":"ws_msg"}
{"payload":{"local_timestamp":1695119750874,"stderr":true,"stdout":"^"},"type":"ws_msg"}
{"payload":{"local_timestamp":1695119750874,"stderr":true,"stdout":"\n"},"type":"ws_msg"}
{"payload":{"local_timestamp":1695119750874,"stderr":true,"stdout":"  File \"G:\\\ub0b4 \ub4dc\ub77c\uc774\ube0c\\0. Run\\1. Research\\2. HangingObjectDetection\\HOD\\codes\\models\\yolov5\\utils\\loggers\\__init__.py\", line 129, in __init__\n"},"type":"ws_msg"}
{"payload":{"local_timestamp":1695119750884,"stderr":true,"stdout":"    "},"type":"ws_msg"}
{"payload":{"local_timestamp":1695119750884,"stderr":true,"stdout":"self.comet_logger = CometLogger(self.opt, self.hyp)"},"type":"ws_msg"}
{"payload":{"local_timestamp":1695119750884,"stderr":true,"stdout":"\n"},"type":"ws_msg"}
{"payload":{"local_timestamp":1695119750884,"stderr":true,"stdout":" "},"type":"ws_msg"}
{"payload":{"local_timestamp":1695119750884,"stderr":true,"stdout":" "},"type":"ws_msg"}
{"payload":{"local_timestamp":1695119750884,"stderr":true,"stdout":" "},"type":"ws_msg"}
{"payload":{"local_timestamp":1695119750884,"stderr":true,"stdout":" "},"type":"ws_msg"}
{"payload":{"local_timestamp":1695119750884,"stderr":true,"stdout":" "},"type":"ws_msg"}
{"payload":{"local_timestamp":1695119750884,"stderr":true,"stdout":" "},"type":"ws_msg"}
{"payload":{"local_timestamp":1695119750884,"stderr":true,"stdout":" "},"type":"ws_msg"}
{"payload":{"local_timestamp":1695119750884,"stderr":true,"stdout":" "},"type":"ws_msg"}
{"payload":{"local_timestamp":1695119750884,"stderr":true,"stdout":" "},"type":"ws_msg"}
{"payload":{"local_timestamp":1695119750884,"stderr":true,"stdout":" "},"type":"ws_msg"}
{"payload":{"local_timestamp":1695119750884,"stderr":true,"stdout":" "},"type":"ws_msg"}
{"payload":{"local_timestamp":1695119750884,"stderr":true,"stdout":" "},"type":"ws_msg"}
{"payload":{"local_timestamp":1695119750884,"stderr":true,"stdout":" "},"type":"ws_msg"}
{"payload":{"local_timestamp":1695119750884,"stderr":true,"stdout":" "},"type":"ws_msg"}
{"payload":{"local_timestamp":1695119750884,"stderr":true,"stdout":" "},"type":"ws_msg"}
{"payload":{"local_timestamp":1695119750884,"stderr":true,"stdout":" "},"type":"ws_msg"}
{"payload":{"local_timestamp":1695119750884,"stderr":true,"stdout":" "},"type":"ws_msg"}
{"payload":{"local_timestamp":1695119750884,"stderr":true,"stdout":" "},"type":"ws_msg"}
{"payload":{"local_timestamp":1695119750884,"stderr":true,"stdout":" "},"type":"ws_msg"}
{"payload":{"local_timestamp":1695119750884,"stderr":true,"stdout":" "},"type":"ws_msg"}
{"payload":{"local_timestamp":1695119750884,"stderr":true,"stdout":" "},"type":"ws_msg"}
{"payload":{"local_timestamp":1695119750884,"stderr":true,"stdout":" "},"type":"ws_msg"}
{"payload":{"local_timestamp":1695119750884,"stderr":true,"stdout":" "},"type":"ws_msg"}
{"payload":{"local_timestamp":1695119750884,"stderr":true,"stdout":" "},"type":"ws_msg"}
{"payload":{"local_timestamp":1695119750884,"stderr":true,"stdout":"^"},"type":"ws_msg"}
{"payload":{"local_timestamp":1695119750884,"stderr":true,"stdout":"^"},"type":"ws_msg"}
{"payload":{"local_timestamp":1695119750884,"stderr":true,"stdout":"^"},"type":"ws_msg"}
{"payload":{"local_timestamp":1695119750884,"stderr":true,"stdout":"^"},"type":"ws_msg"}
{"payload":{"local_timestamp":1695119750884,"stderr":true,"stdout":"^"},"type":"ws_msg"}
{"payload":{"local_timestamp":1695119750884,"stderr":true,"stdout":"^"},"type":"ws_msg"}
{"payload":{"local_timestamp":1695119750884,"stderr":true,"stdout":"^"},"type":"ws_msg"}
{"payload":{"local_timestamp":1695119750884,"stderr":true,"stdout":"^"},"type":"ws_msg"}
{"payload":{"local_timestamp":1695119750884,"stderr":true,"stdout":"^"},"type":"ws_msg"}
{"payload":{"local_timestamp":1695119750884,"stderr":true,"stdout":"^"},"type":"ws_msg"}
{"payload":{"local_timestamp":1695119750884,"stderr":true,"stdout":"^"},"type":"ws_msg"}
{"payload":{"local_timestamp":1695119750884,"stderr":true,"stdout":"^"},"type":"ws_msg"}
{"payload":{"local_timestamp":1695119750884,"stderr":true,"stdout":"^"},"type":"ws_msg"}
{"payload":{"local_timestamp":1695119750884,"stderr":true,"stdout":"^"},"type":"ws_msg"}
{"payload":{"local_timestamp":1695119750884,"stderr":true,"stdout":"^"},"type":"ws_msg"}
{"payload":{"local_timestamp":1695119750884,"stderr":true,"stdout":"^"},"type":"ws_msg"}
{"payload":{"local_timestamp":1695119750884,"stderr":true,"stdout":"^"},"type":"ws_msg"}
{"payload":{"local_timestamp":1695119750884,"stderr":true,"stdout":"^"},"type":"ws_msg"}
{"payload":{"local_timestamp":1695119750884,"stderr":true,"stdout":"^"},"type":"ws_msg"}
{"payload":{"local_timestamp":1695119750884,"stderr":true,"stdout":"^"},"type":"ws_msg"}
{"payload":{"local_timestamp":1695119750884,"stderr":true,"stdout":"^"},"type":"ws_msg"}
{"payload":{"local_timestamp":1695119750885,"stderr":true,"stdout":"^"},"type":"ws_msg"}
{"payload":{"local_timestamp":1695119750885,"stderr":true,"stdout":"^"},"type":"ws_msg"}
{"payload":{"local_timestamp":1695119750885,"stderr":true,"stdout":"^"},"type":"ws_msg"}
{"payload":{"local_timestamp":1695119750885,"stderr":true,"stdout":"^"},"type":"ws_msg"}
{"payload":{"local_timestamp":1695119750885,"stderr":true,"stdout":"^"},"type":"ws_msg"}
{"payload":{"local_timestamp":1695119750885,"stderr":true,"stdout":"^"},"type":"ws_msg"}
{"payload":{"local_timestamp":1695119750885,"stderr":true,"stdout":"^"},"type":"ws_msg"}
{"payload":{"local_timestamp":1695119750885,"stderr":true,"stdout":"^"},"type":"ws_msg"}
{"payload":{"local_timestamp":1695119750885,"stderr":true,"stdout":"^"},"type":"ws_msg"}
{"payload":{"local_timestamp":1695119750885,"stderr":true,"stdout":"^"},"type":"ws_msg"}
{"payload":{"local_timestamp":1695119750885,"stderr":true,"stdout":"\n"},"type":"ws_msg"}
{"payload":{"local_timestamp":1695119750885,"stderr":true,"stdout":"  File \"G:\\\ub0b4 \ub4dc\ub77c\uc774\ube0c\\0. Run\\1. Research\\2. HangingObjectDetection\\HOD\\codes\\models\\yolov5\\utils\\loggers\\comet\\__init__.py\", line 98, in __init__\n"},"type":"ws_msg"}
{"payload":{"local_timestamp":1695119750898,"stderr":true,"stdout":"    "},"type":"ws_msg"}
{"payload":{"local_timestamp":1695119750898,"stderr":true,"stdout":"self.data_dict = self.check_dataset(self.opt.data)"},"type":"ws_msg"}
{"payload":{"local_timestamp":1695119750898,"stderr":true,"stdout":"\n"},"type":"ws_msg"}
{"payload":{"local_timestamp":1695119750898,"stderr":true,"stdout":" "},"type":"ws_msg"}
{"payload":{"local_timestamp":1695119750898,"stderr":true,"stdout":" "},"type":"ws_msg"}
{"payload":{"local_timestamp":1695119750898,"stderr":true,"stdout":" "},"type":"ws_msg"}
{"payload":{"local_timestamp":1695119750898,"stderr":true,"stdout":" "},"type":"ws_msg"}
{"payload":{"local_timestamp":1695119750898,"stderr":true,"stdout":" "},"type":"ws_msg"}
{"payload":{"local_timestamp":1695119750898,"stderr":true,"stdout":" "},"type":"ws_msg"}
{"payload":{"local_timestamp":1695119750898,"stderr":true,"stdout":" "},"type":"ws_msg"}
{"payload":{"local_timestamp":1695119750898,"stderr":true,"stdout":" "},"type":"ws_msg"}
{"payload":{"local_timestamp":1695119750898,"stderr":true,"stdout":" "},"type":"ws_msg"}
{"payload":{"local_timestamp":1695119750898,"stderr":true,"stdout":" "},"type":"ws_msg"}
{"payload":{"local_timestamp":1695119750899,"stderr":true,"stdout":" "},"type":"ws_msg"}
{"payload":{"local_timestamp":1695119750899,"stderr":true,"stdout":" "},"type":"ws_msg"}
{"payload":{"local_timestamp":1695119750899,"stderr":true,"stdout":" "},"type":"ws_msg"}
{"payload":{"local_timestamp":1695119750899,"stderr":true,"stdout":" "},"type":"ws_msg"}
{"payload":{"local_timestamp":1695119750899,"stderr":true,"stdout":" "},"type":"ws_msg"}
{"payload":{"local_timestamp":1695119750899,"stderr":true,"stdout":" "},"type":"ws_msg"}
{"payload":{"local_timestamp":1695119750899,"stderr":true,"stdout":" "},"type":"ws_msg"}
{"payload":{"local_timestamp":1695119750899,"stderr":true,"stdout":" "},"type":"ws_msg"}
{"payload":{"local_timestamp":1695119750899,"stderr":true,"stdout":" "},"type":"ws_msg"}
{"payload":{"local_timestamp":1695119750899,"stderr":true,"stdout":" "},"type":"ws_msg"}
{"payload":{"local_timestamp":1695119750899,"stderr":true,"stdout":" "},"type":"ws_msg"}
{"payload":{"local_timestamp":1695119750899,"stderr":true,"stdout":"^"},"type":"ws_msg"}
{"payload":{"local_timestamp":1695119750899,"stderr":true,"stdout":"^"},"type":"ws_msg"}
{"payload":{"local_timestamp":1695119750899,"stderr":true,"stdout":"^"},"type":"ws_msg"}
{"payload":{"local_timestamp":1695119750899,"stderr":true,"stdout":"^"},"type":"ws_msg"}
{"payload":{"local_timestamp":1695119750899,"stderr":true,"stdout":"^"},"type":"ws_msg"}
{"payload":{"local_timestamp":1695119750899,"stderr":true,"stdout":"^"},"type":"ws_msg"}
{"payload":{"local_timestamp":1695119750899,"stderr":true,"stdout":"^"},"type":"ws_msg"}
{"payload":{"local_timestamp":1695119750899,"stderr":true,"stdout":"^"},"type":"ws_msg"}
{"payload":{"local_timestamp":1695119750899,"stderr":true,"stdout":"^"},"type":"ws_msg"}
{"payload":{"local_timestamp":1695119750899,"stderr":true,"stdout":"^"},"type":"ws_msg"}
{"payload":{"local_timestamp":1695119750899,"stderr":true,"stdout":"^"},"type":"ws_msg"}
{"payload":{"local_timestamp":1695119750899,"stderr":true,"stdout":"^"},"type":"ws_msg"}
{"payload":{"local_timestamp":1695119750899,"stderr":true,"stdout":"^"},"type":"ws_msg"}
{"payload":{"local_timestamp":1695119750899,"stderr":true,"stdout":"^"},"type":"ws_msg"}
{"payload":{"local_timestamp":1695119750899,"stderr":true,"stdout":"^"},"type":"ws_msg"}
{"payload":{"local_timestamp":1695119750899,"stderr":true,"stdout":"^"},"type":"ws_msg"}
{"payload":{"local_timestamp":1695119750899,"stderr":true,"stdout":"^"},"type":"ws_msg"}
{"payload":{"local_timestamp":1695119750899,"stderr":true,"stdout":"^"},"type":"ws_msg"}
{"payload":{"local_timestamp":1695119750899,"stderr":true,"stdout":"^"},"type":"ws_msg"}
{"payload":{"local_timestamp":1695119750899,"stderr":true,"stdout":"^"},"type":"ws_msg"}
{"payload":{"local_timestamp":1695119750899,"stderr":true,"stdout":"^"},"type":"ws_msg"}
{"payload":{"local_timestamp":1695119750899,"stderr":true,"stdout":"^"},"type":"ws_msg"}
{"payload":{"local_timestamp":1695119750899,"stderr":true,"stdout":"^"},"type":"ws_msg"}
{"payload":{"local_timestamp":1695119750899,"stderr":true,"stdout":"^"},"type":"ws_msg"}
{"payload":{"local_timestamp":1695119750899,"stderr":true,"stdout":"^"},"type":"ws_msg"}
{"payload":{"local_timestamp":1695119750899,"stderr":true,"stdout":"^"},"type":"ws_msg"}
{"payload":{"local_timestamp":1695119750899,"stderr":true,"stdout":"^"},"type":"ws_msg"}
{"payload":{"local_timestamp":1695119750899,"stderr":true,"stdout":"^"},"type":"ws_msg"}
{"payload":{"local_timestamp":1695119750899,"stderr":true,"stdout":"^"},"type":"ws_msg"}
{"payload":{"local_timestamp":1695119750899,"stderr":true,"stdout":"^"},"type":"ws_msg"}
{"payload":{"local_timestamp":1695119750899,"stderr":true,"stdout":"^"},"type":"ws_msg"}
{"payload":{"local_timestamp":1695119750899,"stderr":true,"stdout":"^"},"type":"ws_msg"}
{"payload":{"local_timestamp":1695119750899,"stderr":true,"stdout":"^"},"type":"ws_msg"}
{"payload":{"local_timestamp":1695119750899,"stderr":true,"stdout":"\n"},"type":"ws_msg"}
{"payload":{"local_timestamp":1695119750899,"stderr":true,"stdout":"  File \"G:\\\ub0b4 \ub4dc\ub77c\uc774\ube0c\\0. Run\\1. Research\\2. HangingObjectDetection\\HOD\\codes\\models\\yolov5\\utils\\loggers\\comet\\__init__.py\", line 244, in check_dataset\n"},"type":"ws_msg"}
{"payload":{"local_timestamp":1695119750906,"stderr":true,"stdout":"    "},"type":"ws_msg"}
{"payload":{"local_timestamp":1695119750906,"stderr":true,"stdout":"return check_dataset(data_file)"},"type":"ws_msg"}
{"payload":{"local_timestamp":1695119750906,"stderr":true,"stdout":"\n"},"type":"ws_msg"}
{"payload":{"local_timestamp":1695119750906,"stderr":true,"stdout":" "},"type":"ws_msg"}
{"payload":{"local_timestamp":1695119750906,"stderr":true,"stdout":" "},"type":"ws_msg"}
{"payload":{"local_timestamp":1695119750906,"stderr":true,"stdout":" "},"type":"ws_msg"}
{"payload":{"local_timestamp":1695119750906,"stderr":true,"stdout":" "},"type":"ws_msg"}
{"payload":{"local_timestamp":1695119750906,"stderr":true,"stdout":" "},"type":"ws_msg"}
{"payload":{"local_timestamp":1695119750906,"stderr":true,"stdout":" "},"type":"ws_msg"}
{"payload":{"local_timestamp":1695119750906,"stderr":true,"stdout":" "},"type":"ws_msg"}
{"payload":{"local_timestamp":1695119750906,"stderr":true,"stdout":" "},"type":"ws_msg"}
{"payload":{"local_timestamp":1695119750906,"stderr":true,"stdout":" "},"type":"ws_msg"}
{"payload":{"local_timestamp":1695119750906,"stderr":true,"stdout":" "},"type":"ws_msg"}
{"payload":{"local_timestamp":1695119750906,"stderr":true,"stdout":" "},"type":"ws_msg"}
{"payload":{"local_timestamp":1695119750906,"stderr":true,"stdout":"^"},"type":"ws_msg"}
{"payload":{"local_timestamp":1695119750906,"stderr":true,"stdout":"^"},"type":"ws_msg"}
{"payload":{"local_timestamp":1695119750906,"stderr":true,"stdout":"^"},"type":"ws_msg"}
{"payload":{"local_timestamp":1695119750906,"stderr":true,"stdout":"^"},"type":"ws_msg"}
{"payload":{"local_timestamp":1695119750906,"stderr":true,"stdout":"^"},"type":"ws_msg"}
{"payload":{"local_timestamp":1695119750906,"stderr":true,"stdout":"^"},"type":"ws_msg"}
{"payload":{"local_timestamp":1695119750906,"stderr":true,"stdout":"^"},"type":"ws_msg"}
{"payload":{"local_timestamp":1695119750906,"stderr":true,"stdout":"^"},"type":"ws_msg"}
{"payload":{"local_timestamp":1695119750906,"stderr":true,"stdout":"^"},"type":"ws_msg"}
{"payload":{"local_timestamp":1695119750906,"stderr":true,"stdout":"^"},"type":"ws_msg"}
{"payload":{"local_timestamp":1695119750906,"stderr":true,"stdout":"^"},"type":"ws_msg"}
{"payload":{"local_timestamp":1695119750906,"stderr":true,"stdout":"^"},"type":"ws_msg"}
{"payload":{"local_timestamp":1695119750906,"stderr":true,"stdout":"^"},"type":"ws_msg"}
{"payload":{"local_timestamp":1695119750906,"stderr":true,"stdout":"^"},"type":"ws_msg"}
{"payload":{"local_timestamp":1695119750906,"stderr":true,"stdout":"^"},"type":"ws_msg"}
{"payload":{"local_timestamp":1695119750906,"stderr":true,"stdout":"^"},"type":"ws_msg"}
{"payload":{"local_timestamp":1695119750906,"stderr":true,"stdout":"^"},"type":"ws_msg"}
{"payload":{"local_timestamp":1695119750906,"stderr":true,"stdout":"^"},"type":"ws_msg"}
{"payload":{"local_timestamp":1695119750906,"stderr":true,"stdout":"^"},"type":"ws_msg"}
{"payload":{"local_timestamp":1695119750906,"stderr":true,"stdout":"^"},"type":"ws_msg"}
{"payload":{"local_timestamp":1695119750906,"stderr":true,"stdout":"^"},"type":"ws_msg"}
{"payload":{"local_timestamp":1695119750906,"stderr":true,"stdout":"^"},"type":"ws_msg"}
{"payload":{"local_timestamp":1695119750906,"stderr":true,"stdout":"^"},"type":"ws_msg"}
{"payload":{"local_timestamp":1695119750906,"stderr":true,"stdout":"^"},"type":"ws_msg"}
{"payload":{"local_timestamp":1695119750907,"stderr":true,"stdout":"\n"},"type":"ws_msg"}
{"payload":{"local_timestamp":1695119750907,"stderr":true,"stdout":"  File \"G:\\\ub0b4 \ub4dc\ub77c\uc774\ube0c\\0. Run\\1. Research\\2. HangingObjectDetection\\HOD\\codes\\models\\yolov5\\utils\\general.py\", line 527, in check_dataset\n"},"type":"ws_msg"}
{"payload":{"local_timestamp":1695119750920,"stderr":true,"stdout":"    "},"type":"ws_msg"}
{"payload":{"local_timestamp":1695119750920,"stderr":true,"stdout":"raise Exception('Dataset not found \u274c')"},"type":"ws_msg"}
{"payload":{"local_timestamp":1695119750920,"stderr":true,"stdout":"\n"},"type":"ws_msg"}
{"payload":{"local_timestamp":1695119750920,"stderr":true,"stdout":"Exception"},"type":"ws_msg"}
{"payload":{"local_timestamp":1695119750920,"stderr":true,"stdout":": "},"type":"ws_msg"}
{"payload":{"local_timestamp":1695119750920,"stderr":true,"stdout":"Dataset not found \u274c"},"type":"ws_msg"}
{"payload":{"local_timestamp":1695119750920,"stderr":true,"stdout":"\n"},"type":"ws_msg"}
{"payload":{"git_meta":{"branch":"refs/heads/main","origin":"https://github.com/separk-1/HOD.git","parent":"5551a4fb04e34b91899d435e59a358360b2ebd50","repo_name":"HOD","root":"f57b8a962158efa59cd3135b9e780bda1498edf5","status":null,"user":"separk-1"},"local_timestamp":1695119751184},"type":"ws_msg"}
{"payload":{"additional_params":{"assetId":"8c7461a7514a4d15b2354652efbe5043","context":null,"epoch":null,"extension":"yml","fileName":"conda-environment.yml","overwrite":false,"runId":null,"step":null,"type":"conda-environment-definition"},"clean":true,"file_path":"tmp56g2m1tj","local_timestamp":1695119754435,"metadata":{},"upload_type":"conda-environment-definition"},"type":"file_upload"}
{"payload":{"local_timestamp":1695119754594,"stderr":true,"stdout":"\u001b[1;38;5;214mCOMET WARNING:\u001b[0m Error retrieving Conda package as an explicit file\n"},"type":"ws_msg"}
{"payload":{"additional_params":{"assetId":"37b645ab7d8b407384a20f0a27656a78","context":null,"epoch":null,"extension":"yml","fileName":"conda-info.yml","overwrite":false,"runId":null,"step":null,"type":"conda-info"},"clean":true,"file_path":"tmpn_8scekl","local_timestamp":1695119755520,"metadata":{},"upload_type":"conda-info"},"type":"file_upload"}
{"payload":{"local_timestamp":1695119755520,"stderr":true,"stdout":"\u001b[1;38;5;214mCOMET WARNING:\u001b[0m Experiment was interrupted by user while waiting for the initial data logger to be flushed.\n"},"type":"ws_msg"}
{"payload":{"local_timestamp":1695119755521,"stderr":true,"stdout":"\u001b[1;38;5;39mCOMET INFO:\u001b[0m ---------------------------------------------------------------------------------------\n"},"type":"ws_msg"}
{"payload":{"local_timestamp":1695119755521,"stderr":true,"stdout":"\u001b[1;38;5;39mCOMET INFO:\u001b[0m Comet.ml OfflineExperiment Summary\n"},"type":"ws_msg"}
{"payload":{"local_timestamp":1695119755522,"stderr":true,"stdout":"\u001b[1;38;5;39mCOMET INFO:\u001b[0m ---------------------------------------------------------------------------------------\n"},"type":"ws_msg"}
{"payload":{"local_timestamp":1695119755522,"stderr":true,"stdout":"\u001b[1;38;5;39mCOMET INFO:\u001b[0m   Data:\n"},"type":"ws_msg"}
{"payload":{"local_timestamp":1695119755522,"stderr":true,"stdout":"\u001b[1;38;5;39mCOMET INFO:\u001b[0m     display_summary_level : 1\n"},"type":"ws_msg"}
{"payload":{"local_timestamp":1695119755522,"stderr":true,"stdout":"\u001b[1;38;5;39mCOMET INFO:\u001b[0m     url                   : [OfflineExperiment will get URL after upload]\n"},"type":"ws_msg"}
{"payload":{"local_timestamp":1695119755522,"stderr":true,"stdout":"\u001b[1;38;5;39mCOMET INFO:\u001b[0m   Others:\n"},"type":"ws_msg"}
{"payload":{"local_timestamp":1695119755522,"stderr":true,"stdout":"\u001b[1;38;5;39mCOMET INFO:\u001b[0m     Name               : exp\n"},"type":"ws_msg"}
{"payload":{"local_timestamp":1695119755522,"stderr":true,"stdout":"\u001b[1;38;5;39mCOMET INFO:\u001b[0m     offline_experiment : True\n"},"type":"ws_msg"}
{"payload":{"local_timestamp":1695119755523,"stderr":true,"stdout":"\u001b[1;38;5;39mCOMET INFO:\u001b[0m   Uploads:\n"},"type":"ws_msg"}
{"payload":{"local_timestamp":1695119755523,"stderr":true,"stdout":"\u001b[1;38;5;39mCOMET INFO:\u001b[0m     asset                        : 1 (147 bytes)\n"},"type":"ws_msg"}
{"payload":{"local_timestamp":1695119755523,"stderr":true,"stdout":"\u001b[1;38;5;39mCOMET INFO:\u001b[0m     conda-environment-definition : 1\n"},"type":"ws_msg"}
{"payload":{"local_timestamp":1695119755523,"stderr":true,"stdout":"\u001b[1;38;5;39mCOMET INFO:\u001b[0m     conda-info                   : 1\n"},"type":"ws_msg"}
{"payload":{"local_timestamp":1695119755523,"stderr":true,"stdout":"\u001b[1;38;5;39mCOMET INFO:\u001b[0m     environment details          : 1\n"},"type":"ws_msg"}
{"payload":{"local_timestamp":1695119755523,"stderr":true,"stdout":"\u001b[1;38;5;39mCOMET INFO:\u001b[0m     git metadata                 : 1\n"},"type":"ws_msg"}
{"payload":{"local_timestamp":1695119755523,"stderr":true,"stdout":"\u001b[1;38;5;39mCOMET INFO:\u001b[0m     installed packages           : 1\n"},"type":"ws_msg"}
{"payload":{"local_timestamp":1695119755523,"stderr":true,"stdout":"\u001b[1;38;5;39mCOMET INFO:\u001b[0m \n"},"type":"ws_msg"}
