{"offline_id": "7948ed4d69a340caa0f3ae8ce7436173", "project_name": "yolov5", "start_time": 1693938453965, "stop_time": 1693938460398, "tags": [], "workspace": null, "resume_strategy": "create", "customer_error_reported": true, "customer_error_message": "Unexpected error detected in the user script: UnicodeDecodeError('cp949', b\"path: ../../../../datasets/sample\\r\\ntrain: images_train\\t#(\\xec\\x95\\xbd 600\\xea\\xb0\\x9c)\\r\\nval: images_val #(\\xec\\x95\\xbd 100\\xea\\xb0\\x9c)\\r\\ntest: images_test #(\\xec\\x95\\xbd 300\\xea\\xb0\\x9c)\\r\\n\\r\\nnc: 1\\t\\t\\t\\t\\t\\t\\t\\t# \\xed\\x81\\xb4\\xeb\\x9e\\x98\\xec\\x8a\\xa4 \\xec\\x88\\x98\\r\\nnames: ['hanging_object']\", 57, 58, 'illegal multibyte sequence')"}