{"offline_id": "b87b310735b944818e7ac189df3bf269", "project_name": "yolov5", "start_time": 1693960942631, "stop_time": 1693961054486, "tags": [], "workspace": null, "resume_strategy": "create", "customer_error_reported": true, "customer_error_message": "Unexpected error detected in the user script: FileNotFoundError('Caught FileNotFoundError in DataLoader worker process 0.\\nOriginal Traceback (most recent call last):\\n  File \"C:\\\\Users\\\\SEPARK\\\\anaconda3\\\\envs\\\\HOD\\\\Lib\\\\site-packages\\\\torch\\\\utils\\\\data\\\\_utils\\\\worker.py\", line 308, in _worker_loop\\n    data = fetcher.fetch(index)\\n           ^^^^^^^^^^^^^^^^^^^^\\n  File \"C:\\\\Users\\\\SEPARK\\\\anaconda3\\\\envs\\\\HOD\\\\Lib\\\\site-packages\\\\torch\\\\utils\\\\data\\\\_utils\\\\fetch.py\", line 51, in fetch\\n    data = [self.dataset[idx] for idx in possibly_batched_index]\\n           ^^^^^^^^^^^^^^^^^^^^^^^^^^^^^^^^^^^^^^^^^^^^^^^^^^^^^\\n  File \"C:\\\\Users\\\\SEPARK\\\\anaconda3\\\\envs\\\\HOD\\\\Lib\\\\site-packages\\\\torch\\\\utils\\\\data\\\\_utils\\\\fetch.py\", line 51, in <listcomp>\\n    data = [self.dataset[idx] for idx in possibly_batched_index]\\n            ~~~~~~~~~~~~^^^^^\\n  File \"G:\\\\\ub0b4 \ub4dc\ub77c\uc774\ube0c\\\\0. Run\\\\1. Research\\\\2. HangingObjectDetection\\\\HOD\\\\codes\\\\models\\\\yolov5\\\\utils\\\\dataloaders.py\", line 661, in __getitem__\\n    img, labels = self.load_mosaic(index)\\n                  ^^^^^^^^^^^^^^^^^^^^^^^\\n  File \"G:\\\\\ub0b4 \ub4dc\ub77c\uc774\ube0c\\\\0. Run\\\\1. Research\\\\2. HangingObjectDetection\\\\HOD\\\\codes\\\\models\\\\yolov5\\\\utils\\\\dataloaders.py\", line 760, in load_mosaic\\n    img, _, (h, w) = self.load_image(index)\\n                     ^^^^^^^^^^^^^^^^^^^^^^\\n  File \"G:\\\\\ub0b4 \ub4dc\ub77c\uc774\ube0c\\\\0. Run\\\\1. Research\\\\2. HangingObjectDetection\\\\HOD\\\\codes\\\\models\\\\yolov5\\\\utils\\\\dataloaders.py\", line 735, in load_image\\n    im = cv2.imread(f)  # BGR\\n         ^^^^^^^^^^^^^\\n  File \"C:\\\\Users\\\\SEPARK\\\\anaconda3\\\\envs\\\\HOD\\\\Lib\\\\site-packages\\\\ultralytics\\\\utils\\\\patches.py\", line 26, in imread\\n    return cv2.imdecode(np.fromfile(filename, np.uint8), flags)\\n                        ^^^^^^^^^^^^^^^^^^^^^^^^^^^^^^^\\nFileNotFoundError: [Errno 2] No such file or directory: \\'G:\\\\\\\\\ub0b4 \ub4dc\ub77c\uc774\ube0c\\\\\\\\0. Run\\\\\\\\1. Research\\\\\\\\2. HangingObjectDetection\\\\\\\\HOD\\\\\\\\datasets\\\\\\\\sample\\\\\\\\train\\\\\\\\images\\\\\\\\D1_221201_1057_1.png\\'\\n')"}