{"offline_id": "5fc7dee3b70e4b988f585672e81a6f42", "project_name": "yolov5", "start_time": 1693939016391, "stop_time": 1693939021813, "tags": [], "workspace": null, "resume_strategy": "create", "customer_error_reported": true, "customer_error_message": "Unexpected error detected in the user script: AssertionError('\\x1b[34m\\x1b[1mtrain: \\x1b[0mNo labels found in H:\\\\\ub0b4 \ub4dc\ub77c\uc774\ube0c\\\\0. Run\\\\1. Research\\\\2. HangingObjectDetection\\\\HOD\\\\datasets\\\\sample\\\\images_train.cache, can not start training. See https://docs.ultralytics.com/yolov5/tutorials/train_custom_data')"}