{"payload":{"installed_packages":["attrs==23.1.0","certifi==2023.7.22","charset-normalizer==3.2.0","colorama==0.4.6","comet-ml==3.33.9","configobj==5.0.8","contourpy==1.1.0","cycler==0.11.0","dulwich==0.21.6","everett==3.1.0","filelock==3.12.3","fonttools==4.42.1","gitdb==4.0.10","gitpython==3.1.34","idna==3.4","jinja2==3.1.2","jsonschema-specifications==2023.7.1","jsonschema==4.19.0","kiwisolver==1.4.5","markdown-it-py==3.0.0","markupsafe==2.1.3","matplotlib==3.7.2","mdurl==0.1.2","mpmath==1.3.0","networkx==3.1","numpy==1.25.2","opencv-python==4.8.0.76","packaging==23.1","pandas==2.1.0","pillow==10.0.0","pip==23.2.1","psutil==5.9.5","py-cpuinfo==9.0.0","pygments==2.16.1","pyparsing==3.0.9","python-box==6.1.0","python-dateutil==2.8.2","pytz==2023.3.post1","pyyaml==6.0.1","referencing==0.30.2","requests-toolbelt==1.0.0","requests==2.31.0","rich==13.5.2","rpds-py==0.10.2","scipy==1.11.2","seaborn==0.12.2","semantic-version==2.10.0","sentry-sdk==1.30.0","setuptools==68.0.0","simplejson==3.19.1","six==1.16.0","smmap==5.0.0","sympy==1.12","thop==0.1.1.post2209072238","torch==2.0.1","torchvision==0.15.2","tqdm==4.66.1","typing-extensions==4.7.1","tzdata==2023.3","ultralytics==8.0.171","urllib3==2.0.4","websocket-client==1.3.3","wheel==0.38.4","wrapt==1.15.0","wurlitzer==3.0.3"],"local_timestamp":1693939016394},"type":"ws_msg"}
{"payload":{"env_details":{"command":["./codes/models/yolov5/train.py","--data","./codes/models/yolov5/data/custom_dataset.yaml","--epochs","10"],"env":null,"hostname":"DESKTOP-50UI7PT","ip":"192.168.200.136","machine":"AMD64","os":"Windows-10-10.0.19045-SP0","os_release":"10","os_type":"Windows","pid":39880,"processor":"AMD64 Family 25 Model 33 Stepping 0, AuthenticAMD","python_exe":"C:\\Users\\User\\.conda\\envs\\HOD\\python.exe","python_version":"3.11.4","python_version_verbose":"3.11.4 | packaged by Anaconda, Inc. | (main, Jul  5 2023, 13:47:18) [MSC v.1916 64 bit (AMD64)]","user":"User"},"local_timestamp":1693939016419},"type":"ws_msg"}
{"payload":{"gpu_static_info":[{"gpu_index":0,"name":"NVIDIA GeForce GTX 1660 SUPER","power_limit":125000,"total_memory":6442450944,"uuid":"GPU-ea376e7d-9c3c-1a53-6253-8c41e2920869"}],"local_timestamp":1693939016477},"type":"ws_msg"}
{"payload":{"local_timestamp":1693939016487,"stderr":true,"stdout":"\u001b[1;38;5;214mCOMET WARNING:\u001b[0m You are trying to log string value as a metric. This is not recommended.\n"},"type":"ws_msg"}
{"payload":{"local_timestamp":1693939016487,"metric":{"epoch":null,"metricName":"sys.gpu.0.total_memory","metricValue":6442450944,"step":null}},"type":"metric_msg"}
{"payload":{"local_timestamp":1693939016794,"metric":{"epoch":null,"metricName":"sys.cpu.percent.avg","metricValue":26.483333333333334,"step":null}},"type":"metric_msg"}
{"payload":{"local_timestamp":1693939016795,"metric":{"epoch":null,"metricName":"sys.load.avg","metricValue":0.0,"step":null}},"type":"metric_msg"}
{"payload":{"local_timestamp":1693939016795,"metric":{"epoch":null,"metricName":"sys.ram.total","metricValue":34282385408,"step":null}},"type":"metric_msg"}
{"payload":{"local_timestamp":1693939016795,"metric":{"epoch":null,"metricName":"sys.ram.used","metricValue":16889733120,"step":null}},"type":"metric_msg"}
{"payload":{"local_timestamp":1693939016808,"param":{"paramName":"data","paramValue":"./codes/models/yolov5/data/custom_dataset.yaml","source":"cli","step":null}},"type":"parameter_msg"}
{"payload":{"local_timestamp":1693939016808,"param":{"paramName":"epochs","paramValue":10,"source":"cli","step":null}},"type":"parameter_msg"}
{"payload":{"local_timestamp":1693939016809,"log_other":{"key":"offline_experiment","val":true}},"type":"ws_msg"}
{"payload":{"local_timestamp":1693939016809,"log_other":{"key":"Name","val":"exp"}},"type":"ws_msg"}
{"payload":{"local_timestamp":1693939016814,"metric":{"epoch":null,"metricName":"sys.gpu.0.free_memory","metricValue":4436860928,"step":null}},"type":"metric_msg"}
{"payload":{"local_timestamp":1693939016814,"metric":{"epoch":null,"metricName":"sys.gpu.0.gpu_utilization","metricValue":11,"step":null}},"type":"metric_msg"}
{"payload":{"local_timestamp":1693939016814,"metric":{"epoch":null,"metricName":"sys.gpu.0.power_usage","metricValue":35433,"step":null}},"type":"metric_msg"}
{"payload":{"local_timestamp":1693939016814,"metric":{"epoch":null,"metricName":"sys.gpu.0.temperature","metricValue":43,"step":null}},"type":"metric_msg"}
{"payload":{"local_timestamp":1693939016814,"metric":{"epoch":null,"metricName":"sys.gpu.0.used_memory","metricValue":2005590016,"step":null}},"type":"metric_msg"}
{"payload":{"additional_params":{"assetId":"9b65f4cdf05345cfa8988e9ff32be030","context":null,"extension":"yaml","fileName":"custom_dataset.yaml","overwrite":false,"runId":null,"step":null},"clean":true,"file_path":"tmpria4rft5","local_timestamp":1693939016818,"metadata":{"type":"data-config-file"},"upload_type":"asset"},"type":"file_upload"}
{"payload":{"local_timestamp":1693939016837,"log_other":{"key":"Created from","val":"YOLOv5"}},"type":"ws_msg"}
{"payload":{"local_timestamp":1693939016838,"log_other":{"key":"hasNestedParams","val":true}},"type":"ws_msg"}
{"payload":{"local_timestamp":1693939016838,"param":{"paramName":"artifact_alias","paramValue":"latest","source":"manual","step":null}},"type":"parameter_msg"}
{"payload":{"local_timestamp":1693939016838,"param":{"paramName":"batch_size","paramValue":16,"source":"manual","step":null}},"type":"parameter_msg"}
{"payload":{"local_timestamp":1693939016838,"param":{"paramName":"bbox_interval","paramValue":-1,"source":"manual","step":null}},"type":"parameter_msg"}
{"payload":{"local_timestamp":1693939016838,"param":{"paramName":"bucket","paramValue":"","source":"manual","step":null}},"type":"parameter_msg"}
{"payload":{"local_timestamp":1693939016838,"param":{"paramName":"cache","paramValue":null,"source":"manual","step":null}},"type":"parameter_msg"}
{"payload":{"local_timestamp":1693939016838,"param":{"paramName":"cfg","paramValue":"","source":"manual","step":null}},"type":"parameter_msg"}
{"payload":{"local_timestamp":1693939016838,"param":{"paramName":"cos_lr","paramValue":false,"source":"manual","step":null}},"type":"parameter_msg"}
{"payload":{"local_timestamp":1693939016838,"param":{"paramName":"device","paramValue":"","source":"manual","step":null}},"type":"parameter_msg"}
{"payload":{"local_timestamp":1693939016838,"param":{"paramName":"entity","paramValue":null,"source":"manual","step":null}},"type":"parameter_msg"}
{"payload":{"local_timestamp":1693939016838,"param":{"paramName":"evolve","paramValue":null,"source":"manual","step":null}},"type":"parameter_msg"}
{"payload":{"local_timestamp":1693939016838,"param":{"paramName":"exist_ok","paramValue":false,"source":"manual","step":null}},"type":"parameter_msg"}
{"payload":{"local_timestamp":1693939016838,"params":{"paramName":"freeze","paramValue":[0],"source":"manual","step":null}},"type":"parameter_msg"}
{"payload":{"local_timestamp":1693939016838,"param":{"paramName":"hyp|anchor_t","paramValue":4.0,"source":"manual","step":null}},"type":"parameter_msg"}
{"payload":{"local_timestamp":1693939016838,"param":{"paramName":"hyp|box","paramValue":0.05,"source":"manual","step":null}},"type":"parameter_msg"}
{"payload":{"local_timestamp":1693939016838,"param":{"paramName":"hyp|cls","paramValue":0.5,"source":"manual","step":null}},"type":"parameter_msg"}
{"payload":{"local_timestamp":1693939016838,"param":{"paramName":"hyp|cls_pw","paramValue":1.0,"source":"manual","step":null}},"type":"parameter_msg"}
{"payload":{"local_timestamp":1693939016838,"param":{"paramName":"hyp|copy_paste","paramValue":0.0,"source":"manual","step":null}},"type":"parameter_msg"}
{"payload":{"local_timestamp":1693939016838,"param":{"paramName":"hyp|degrees","paramValue":0.0,"source":"manual","step":null}},"type":"parameter_msg"}
{"payload":{"local_timestamp":1693939016838,"param":{"paramName":"hyp|fl_gamma","paramValue":0.0,"source":"manual","step":null}},"type":"parameter_msg"}
{"payload":{"local_timestamp":1693939016838,"param":{"paramName":"hyp|fliplr","paramValue":0.5,"source":"manual","step":null}},"type":"parameter_msg"}
{"payload":{"local_timestamp":1693939016838,"param":{"paramName":"hyp|flipud","paramValue":0.0,"source":"manual","step":null}},"type":"parameter_msg"}
{"payload":{"local_timestamp":1693939016838,"param":{"paramName":"hyp|hsv_h","paramValue":0.015,"source":"manual","step":null}},"type":"parameter_msg"}
{"payload":{"local_timestamp":1693939016838,"param":{"paramName":"hyp|hsv_s","paramValue":0.7,"source":"manual","step":null}},"type":"parameter_msg"}
{"payload":{"local_timestamp":1693939016838,"param":{"paramName":"hyp|hsv_v","paramValue":0.4,"source":"manual","step":null}},"type":"parameter_msg"}
{"payload":{"local_timestamp":1693939016838,"param":{"paramName":"hyp|iou_t","paramValue":0.2,"source":"manual","step":null}},"type":"parameter_msg"}
{"payload":{"local_timestamp":1693939016838,"param":{"paramName":"hyp|lr0","paramValue":0.01,"source":"manual","step":null}},"type":"parameter_msg"}
{"payload":{"local_timestamp":1693939016838,"param":{"paramName":"hyp|lrf","paramValue":0.01,"source":"manual","step":null}},"type":"parameter_msg"}
{"payload":{"local_timestamp":1693939016838,"param":{"paramName":"hyp|mixup","paramValue":0.0,"source":"manual","step":null}},"type":"parameter_msg"}
{"payload":{"local_timestamp":1693939016838,"param":{"paramName":"hyp|momentum","paramValue":0.937,"source":"manual","step":null}},"type":"parameter_msg"}
{"payload":{"local_timestamp":1693939016838,"param":{"paramName":"hyp|mosaic","paramValue":1.0,"source":"manual","step":null}},"type":"parameter_msg"}
{"payload":{"local_timestamp":1693939016838,"param":{"paramName":"hyp|obj","paramValue":1.0,"source":"manual","step":null}},"type":"parameter_msg"}
{"payload":{"local_timestamp":1693939016838,"param":{"paramName":"hyp|obj_pw","paramValue":1.0,"source":"manual","step":null}},"type":"parameter_msg"}
{"payload":{"local_timestamp":1693939016838,"param":{"paramName":"hyp|perspective","paramValue":0.0,"source":"manual","step":null}},"type":"parameter_msg"}
{"payload":{"local_timestamp":1693939016838,"param":{"paramName":"hyp|scale","paramValue":0.5,"source":"manual","step":null}},"type":"parameter_msg"}
{"payload":{"local_timestamp":1693939016838,"param":{"paramName":"hyp|shear","paramValue":0.0,"source":"manual","step":null}},"type":"parameter_msg"}
{"payload":{"local_timestamp":1693939016838,"param":{"paramName":"hyp|translate","paramValue":0.1,"source":"manual","step":null}},"type":"parameter_msg"}
{"payload":{"local_timestamp":1693939016838,"param":{"paramName":"hyp|warmup_bias_lr","paramValue":0.1,"source":"manual","step":null}},"type":"parameter_msg"}
{"payload":{"local_timestamp":1693939016838,"param":{"paramName":"hyp|warmup_epochs","paramValue":3.0,"source":"manual","step":null}},"type":"parameter_msg"}
{"payload":{"local_timestamp":1693939016838,"param":{"paramName":"hyp|warmup_momentum","paramValue":0.8,"source":"manual","step":null}},"type":"parameter_msg"}
{"payload":{"local_timestamp":1693939016838,"param":{"paramName":"hyp|weight_decay","paramValue":0.0005,"source":"manual","step":null}},"type":"parameter_msg"}
{"payload":{"local_timestamp":1693939016838,"param":{"paramName":"image_weights","paramValue":false,"source":"manual","step":null}},"type":"parameter_msg"}
{"payload":{"local_timestamp":1693939016838,"param":{"paramName":"imgsz","paramValue":640,"source":"manual","step":null}},"type":"parameter_msg"}
{"payload":{"local_timestamp":1693939016838,"param":{"paramName":"label_smoothing","paramValue":0.0,"source":"manual","step":null}},"type":"parameter_msg"}
{"payload":{"local_timestamp":1693939016838,"param":{"paramName":"local_rank","paramValue":-1,"source":"manual","step":null}},"type":"parameter_msg"}
{"payload":{"local_timestamp":1693939016838,"param":{"paramName":"multi_scale","paramValue":false,"source":"manual","step":null}},"type":"parameter_msg"}
{"payload":{"local_timestamp":1693939016838,"param":{"paramName":"name","paramValue":"exp","source":"manual","step":null}},"type":"parameter_msg"}
{"payload":{"local_timestamp":1693939016838,"param":{"paramName":"noautoanchor","paramValue":false,"source":"manual","step":null}},"type":"parameter_msg"}
{"payload":{"local_timestamp":1693939016838,"param":{"paramName":"noplots","paramValue":false,"source":"manual","step":null}},"type":"parameter_msg"}
{"payload":{"local_timestamp":1693939016838,"param":{"paramName":"nosave","paramValue":false,"source":"manual","step":null}},"type":"parameter_msg"}
{"payload":{"local_timestamp":1693939016838,"param":{"paramName":"noval","paramValue":false,"source":"manual","step":null}},"type":"parameter_msg"}
{"payload":{"local_timestamp":1693939016838,"param":{"paramName":"optimizer","paramValue":"SGD","source":"manual","step":null}},"type":"parameter_msg"}
{"payload":{"local_timestamp":1693939016838,"param":{"paramName":"patience","paramValue":100,"source":"manual","step":null}},"type":"parameter_msg"}
{"payload":{"local_timestamp":1693939016838,"param":{"paramName":"project","paramValue":"codes\\models\\yolov5\\runs\\train","source":"manual","step":null}},"type":"parameter_msg"}
{"payload":{"local_timestamp":1693939016838,"param":{"paramName":"quad","paramValue":false,"source":"manual","step":null}},"type":"parameter_msg"}
{"payload":{"local_timestamp":1693939016838,"param":{"paramName":"rect","paramValue":false,"source":"manual","step":null}},"type":"parameter_msg"}
{"payload":{"local_timestamp":1693939016838,"param":{"paramName":"resume","paramValue":false,"source":"manual","step":null}},"type":"parameter_msg"}
{"payload":{"local_timestamp":1693939016838,"param":{"paramName":"save_dir","paramValue":"codes\\models\\yolov5\\runs\\train\\exp22","source":"manual","step":null}},"type":"parameter_msg"}
{"payload":{"local_timestamp":1693939016838,"param":{"paramName":"save_period","paramValue":-1,"source":"manual","step":null}},"type":"parameter_msg"}
{"payload":{"local_timestamp":1693939016839,"param":{"paramName":"seed","paramValue":0,"source":"manual","step":null}},"type":"parameter_msg"}
{"payload":{"local_timestamp":1693939016839,"param":{"paramName":"single_cls","paramValue":false,"source":"manual","step":null}},"type":"parameter_msg"}
{"payload":{"local_timestamp":1693939016839,"param":{"paramName":"sync_bn","paramValue":false,"source":"manual","step":null}},"type":"parameter_msg"}
{"payload":{"local_timestamp":1693939016839,"param":{"paramName":"upload_dataset","paramValue":false,"source":"manual","step":null}},"type":"parameter_msg"}
{"payload":{"local_timestamp":1693939016839,"param":{"paramName":"weights","paramValue":"codes\\models\\yolov5\\yolov5s.pt","source":"manual","step":null}},"type":"parameter_msg"}
{"payload":{"local_timestamp":1693939016839,"param":{"paramName":"workers","paramValue":8,"source":"manual","step":null}},"type":"parameter_msg"}
{"payload":{"local_timestamp":1693939016839,"param":{"paramName":"anchor_t","paramValue":4.0,"source":"manual","step":null}},"type":"parameter_msg"}
{"payload":{"local_timestamp":1693939016839,"param":{"paramName":"box","paramValue":0.05,"source":"manual","step":null}},"type":"parameter_msg"}
{"payload":{"local_timestamp":1693939016839,"param":{"paramName":"cls","paramValue":0.5,"source":"manual","step":null}},"type":"parameter_msg"}
{"payload":{"local_timestamp":1693939016839,"param":{"paramName":"cls_pw","paramValue":1.0,"source":"manual","step":null}},"type":"parameter_msg"}
{"payload":{"local_timestamp":1693939016839,"param":{"paramName":"copy_paste","paramValue":0.0,"source":"manual","step":null}},"type":"parameter_msg"}
{"payload":{"local_timestamp":1693939016839,"param":{"paramName":"degrees","paramValue":0.0,"source":"manual","step":null}},"type":"parameter_msg"}
{"payload":{"local_timestamp":1693939016839,"param":{"paramName":"fl_gamma","paramValue":0.0,"source":"manual","step":null}},"type":"parameter_msg"}
{"payload":{"local_timestamp":1693939016839,"param":{"paramName":"fliplr","paramValue":0.5,"source":"manual","step":null}},"type":"parameter_msg"}
{"payload":{"local_timestamp":1693939016839,"param":{"paramName":"flipud","paramValue":0.0,"source":"manual","step":null}},"type":"parameter_msg"}
{"payload":{"local_timestamp":1693939016839,"param":{"paramName":"hsv_h","paramValue":0.015,"source":"manual","step":null}},"type":"parameter_msg"}
{"payload":{"local_timestamp":1693939016839,"param":{"paramName":"hsv_s","paramValue":0.7,"source":"manual","step":null}},"type":"parameter_msg"}
{"payload":{"local_timestamp":1693939016839,"param":{"paramName":"hsv_v","paramValue":0.4,"source":"manual","step":null}},"type":"parameter_msg"}
{"payload":{"local_timestamp":1693939016839,"param":{"paramName":"iou_t","paramValue":0.2,"source":"manual","step":null}},"type":"parameter_msg"}
{"payload":{"local_timestamp":1693939016839,"param":{"paramName":"lr0","paramValue":0.01,"source":"manual","step":null}},"type":"parameter_msg"}
{"payload":{"local_timestamp":1693939016839,"param":{"paramName":"lrf","paramValue":0.01,"source":"manual","step":null}},"type":"parameter_msg"}
{"payload":{"local_timestamp":1693939016839,"param":{"paramName":"mixup","paramValue":0.0,"source":"manual","step":null}},"type":"parameter_msg"}
{"payload":{"local_timestamp":1693939016839,"param":{"paramName":"momentum","paramValue":0.937,"source":"manual","step":null}},"type":"parameter_msg"}
{"payload":{"local_timestamp":1693939016839,"param":{"paramName":"mosaic","paramValue":1.0,"source":"manual","step":null}},"type":"parameter_msg"}
{"payload":{"local_timestamp":1693939016839,"param":{"paramName":"obj","paramValue":1.0,"source":"manual","step":null}},"type":"parameter_msg"}
{"payload":{"local_timestamp":1693939016839,"param":{"paramName":"obj_pw","paramValue":1.0,"source":"manual","step":null}},"type":"parameter_msg"}
{"payload":{"local_timestamp":1693939016839,"param":{"paramName":"perspective","paramValue":0.0,"source":"manual","step":null}},"type":"parameter_msg"}
{"payload":{"local_timestamp":1693939016839,"param":{"paramName":"scale","paramValue":0.5,"source":"manual","step":null}},"type":"parameter_msg"}
{"payload":{"local_timestamp":1693939016839,"param":{"paramName":"shear","paramValue":0.0,"source":"manual","step":null}},"type":"parameter_msg"}
{"payload":{"local_timestamp":1693939016839,"param":{"paramName":"translate","paramValue":0.1,"source":"manual","step":null}},"type":"parameter_msg"}
{"payload":{"local_timestamp":1693939016839,"param":{"paramName":"warmup_bias_lr","paramValue":0.1,"source":"manual","step":null}},"type":"parameter_msg"}
{"payload":{"local_timestamp":1693939016839,"param":{"paramName":"warmup_epochs","paramValue":3.0,"source":"manual","step":null}},"type":"parameter_msg"}
{"payload":{"local_timestamp":1693939016839,"param":{"paramName":"warmup_momentum","paramValue":0.8,"source":"manual","step":null}},"type":"parameter_msg"}
{"payload":{"local_timestamp":1693939016839,"param":{"paramName":"weight_decay","paramValue":0.0005,"source":"manual","step":null}},"type":"parameter_msg"}
{"payload":{"additional_params":{"assetId":"d2fe3415b8944eaab4a8dd95f343e29e","context":null,"epoch":null,"extension":"json","fileName":"hyperparameters.json","overwrite":false,"runId":null,"step":null},"clean":true,"file_path":"tmpi3bnbt9s","local_timestamp":1693939016848,"metadata":{"type":"hyp-config-file"},"upload_type":"asset"},"type":"file_upload"}
{"payload":{"additional_params":{"assetId":"a1043bb200cc447b9f9686ac7a6ce0e7","context":null,"extension":"yaml","fileName":"opt.yaml","overwrite":false,"runId":null,"step":null},"clean":true,"file_path":"tmp0b0xw14i","local_timestamp":1693939016847,"metadata":{"type":"opt-config-file"},"upload_type":"asset"},"type":"file_upload"}
{"payload":{"local_timestamp":1693939016847,"param":{"paramName":"val_conf_threshold","paramValue":0.001,"source":"manual","step":null}},"type":"parameter_msg"}
{"payload":{"local_timestamp":1693939016847,"param":{"paramName":"val_iou_threshold","paramValue":0.6,"source":"manual","step":null}},"type":"parameter_msg"}
{"payload":{"local_timestamp":1693939016847,"log_other":{"key":"comet_mode","val":"online"}},"type":"ws_msg"}
{"payload":{"local_timestamp":1693939016847,"log_other":{"key":"comet_max_image_uploads","val":100}},"type":"ws_msg"}
{"payload":{"local_timestamp":1693939016847,"log_other":{"key":"comet_log_per_class_metrics","val":false}},"type":"ws_msg"}
{"payload":{"local_timestamp":1693939016847,"log_other":{"key":"comet_log_batch_metrics","val":false}},"type":"ws_msg"}
{"payload":{"local_timestamp":1693939016847,"log_other":{"key":"comet_log_confusion_matrix","val":true}},"type":"ws_msg"}
{"payload":{"local_timestamp":1693939016847,"log_other":{"key":"comet_model_name","val":"yolov5"}},"type":"ws_msg"}
{"payload":{"local_timestamp":1693939016918,"stderr":true,"stdout":"Overriding model.yaml nc=80 with nc=1\n"},"type":"ws_msg"}
{"payload":{"local_timestamp":1693939016918,"stderr":true,"stdout":"\n                 from  n    params  module                                  arguments                     \n"},"type":"ws_msg"}
{"payload":{"local_timestamp":1693939016919,"stderr":true,"stdout":"  0                -1  1      3520  models.common.Conv                      [3, 32, 6, 2, 2]              \n"},"type":"ws_msg"}
{"payload":{"local_timestamp":1693939016919,"stderr":true,"stdout":"  1                -1  1     18560  models.common.Conv                      [32, 64, 3, 2]                \n"},"type":"ws_msg"}
{"payload":{"local_timestamp":1693939016921,"stderr":true,"stdout":"  2                -1  1     18816  models.common.C3                        [64, 64, 1]                   \n"},"type":"ws_msg"}
{"payload":{"local_timestamp":1693939016922,"stderr":true,"stdout":"  3                -1  1     73984  models.common.Conv                      [64, 128, 3, 2]               \n"},"type":"ws_msg"}
{"payload":{"local_timestamp":1693939016924,"stderr":true,"stdout":"  4                -1  2    115712  models.common.C3                        [128, 128, 2]                 \n"},"type":"ws_msg"}
{"payload":{"local_timestamp":1693939016925,"stderr":true,"stdout":"  5                -1  1    295424  models.common.Conv                      [128, 256, 3, 2]              \n"},"type":"ws_msg"}
{"payload":{"local_timestamp":1693939016930,"stderr":true,"stdout":"  6                -1  3    625152  models.common.C3                        [256, 256, 3]                 \n"},"type":"ws_msg"}
{"payload":{"local_timestamp":1693939016935,"stderr":true,"stdout":"  7                -1  1   1180672  models.common.Conv                      [256, 512, 3, 2]              \n"},"type":"ws_msg"}
{"payload":{"local_timestamp":1693939016941,"stderr":true,"stdout":"  8                -1  1   1182720  models.common.C3                        [512, 512, 1]                 \n"},"type":"ws_msg"}
{"payload":{"local_timestamp":1693939016944,"stderr":true,"stdout":"  9                -1  1    656896  models.common.SPPF                      [512, 512, 5]                 \n"},"type":"ws_msg"}
{"payload":{"local_timestamp":1693939016946,"stderr":true,"stdout":" 10                -1  1    131584  models.common.Conv                      [512, 256, 1, 1]              \n"},"type":"ws_msg"}
{"payload":{"local_timestamp":1693939016946,"stderr":true,"stdout":" 11                -1  1         0  torch.nn.modules.upsampling.Upsample    [None, 2, 'nearest']          \n"},"type":"ws_msg"}
{"payload":{"local_timestamp":1693939016946,"stderr":true,"stdout":" 12           [-1, 6]  1         0  models.common.Concat                    [1]                           \n"},"type":"ws_msg"}
{"payload":{"local_timestamp":1693939016949,"stderr":true,"stdout":" 13                -1  1    361984  models.common.C3                        [512, 256, 1, False]          \n"},"type":"ws_msg"}
{"payload":{"local_timestamp":1693939016950,"stderr":true,"stdout":" 14                -1  1     33024  models.common.Conv                      [256, 128, 1, 1]              \n"},"type":"ws_msg"}
{"payload":{"local_timestamp":1693939016950,"stderr":true,"stdout":" 15                -1  1         0  torch.nn.modules.upsampling.Upsample    [None, 2, 'nearest']          \n"},"type":"ws_msg"}
{"payload":{"local_timestamp":1693939016950,"stderr":true,"stdout":" 16           [-1, 4]  1         0  models.common.Concat                    [1]                           \n"},"type":"ws_msg"}
{"payload":{"local_timestamp":1693939016952,"stderr":true,"stdout":" 17                -1  1     90880  models.common.C3                        [256, 128, 1, False]          \n"},"type":"ws_msg"}
{"payload":{"local_timestamp":1693939016953,"stderr":true,"stdout":" 18                -1  1    147712  models.common.Conv                      [128, 128, 3, 2]              \n"},"type":"ws_msg"}
{"payload":{"local_timestamp":1693939016953,"stderr":true,"stdout":" 19          [-1, 14]  1         0  models.common.Concat                    [1]                           \n"},"type":"ws_msg"}
{"payload":{"local_timestamp":1693939016956,"stderr":true,"stdout":" 20                -1  1    296448  models.common.C3                        [256, 256, 1, False]          \n"},"type":"ws_msg"}
{"payload":{"local_timestamp":1693939016959,"stderr":true,"stdout":" 21                -1  1    590336  models.common.Conv                      [256, 256, 3, 2]              \n"},"type":"ws_msg"}
{"payload":{"local_timestamp":1693939016959,"stderr":true,"stdout":" 22          [-1, 10]  1         0  models.common.Concat                    [1]                           \n"},"type":"ws_msg"}
{"payload":{"local_timestamp":1693939016965,"stderr":true,"stdout":" 23                -1  1   1182720  models.common.C3                        [512, 512, 1, False]          \n"},"type":"ws_msg"}
{"payload":{"local_timestamp":1693939016966,"stderr":true,"stdout":" 24      [17, 20, 23]  1     16182  models.yolo.Detect                      [1, [[10, 13, 16, 30, 33, 23], [30, 61, 62, 45, 59, 119], [116, 90, 156, 198, 373, 326]], [128, 256, 512]]\n"},"type":"ws_msg"}
{"payload":{"git_meta":{"branch":"refs/heads/main","origin":"https://github.com/separk-1/HOD.git","parent":"6c21206724fddf6238d5787880d67af593a19a53","repo_name":"HOD","root":"f57b8a962158efa59cd3135b9e780bda1498edf5","status":null,"user":"separk-1"},"local_timestamp":1693939017031},"type":"ws_msg"}
{"payload":{"local_timestamp":1693939017188,"stderr":true,"stdout":"Model summary: 214 layers, 7022326 parameters, 7022326 gradients, 15.9 GFLOPs\n"},"type":"ws_msg"}
{"payload":{"local_timestamp":1693939017188,"stderr":true,"stdout":"\n"},"type":"ws_msg"}
{"payload":{"local_timestamp":1693939017212,"stderr":true,"stdout":"Transferred 343/349 items from codes\\models\\yolov5\\yolov5s.pt\n"},"type":"ws_msg"}
{"payload":{"local_timestamp":1693939017214,"stderr":true,"stdout":"\u001b[34m\u001b[1moptimizer:\u001b[0m SGD(lr=0.01) with parameter groups 57 weight(decay=0.0), 60 weight(decay=0.0005), 60 bias\n"},"type":"ws_msg"}
{"payload":{"local_timestamp":1693939017661,"stderr":true,"stdout":"\r\u001b[34m\u001b[1mtrain: \u001b[0mScanning H:\\\ub0b4 \ub4dc\ub77c\uc774\ube0c\\0. Run\\1. Research\\2. HangingObjectDetection\\HOD\\datasets\\sample\\images_train.cache... 0 images, 602 backgrounds, 0 corrupt: 100%|\u2588\u2588\u2588\u2588\u2588\u2588\u2588\u2588\u2588\u2588| 602/602 [00:00<?, ?it/s]\u001b[0m"},"type":"ws_msg"}
{"payload":{"local_timestamp":1693939017661,"stderr":true,"stdout":"\r\u001b[34m\u001b[1mtrain: \u001b[0mScanning H:\\\ub0b4 \ub4dc\ub77c\uc774\ube0c\\0. Run\\1. Research\\2. HangingObjectDetection\\HOD\\datasets\\sample\\images_train.cache... 0 images, 602 backgrounds, 0 corrupt: 100%|\u2588\u2588\u2588\u2588\u2588\u2588\u2588\u2588\u2588\u2588| 602/602 [00:00<?, ?it/s]\u001b[0m"},"type":"ws_msg"}
{"payload":{"local_timestamp":1693939017661,"stderr":true,"stdout":"\n"},"type":"ws_msg"}
{"payload":{"local_timestamp":1693939017662,"stderr":true,"stdout":"Traceback (most recent call last):\n"},"type":"ws_msg"}
{"payload":{"local_timestamp":1693939017662,"stderr":true,"stdout":"  File \"H:\\\ub0b4 \ub4dc\ub77c\uc774\ube0c\\0. Run\\1. Research\\2. HangingObjectDetection\\HOD\\codes\\models\\yolov5\\train.py\", line 647, in <module>\n"},"type":"ws_msg"}
{"payload":{"local_timestamp":1693939017664,"stderr":true,"stdout":"    "},"type":"ws_msg"}
{"payload":{"local_timestamp":1693939017664,"stderr":true,"stdout":"main(opt)"},"type":"ws_msg"}
{"payload":{"local_timestamp":1693939017664,"stderr":true,"stdout":"\n"},"type":"ws_msg"}
{"payload":{"local_timestamp":1693939017664,"stderr":true,"stdout":"  File \"H:\\\ub0b4 \ub4dc\ub77c\uc774\ube0c\\0. Run\\1. Research\\2. HangingObjectDetection\\HOD\\codes\\models\\yolov5\\train.py\", line 536, in main\n"},"type":"ws_msg"}
{"payload":{"local_timestamp":1693939017666,"stderr":true,"stdout":"    "},"type":"ws_msg"}
{"payload":{"local_timestamp":1693939017666,"stderr":true,"stdout":"train(opt.hyp, opt, device, callbacks)"},"type":"ws_msg"}
{"payload":{"local_timestamp":1693939017667,"stderr":true,"stdout":"\n"},"type":"ws_msg"}
{"payload":{"local_timestamp":1693939017667,"stderr":true,"stdout":"  File \"H:\\\ub0b4 \ub4dc\ub77c\uc774\ube0c\\0. Run\\1. Research\\2. HangingObjectDetection\\HOD\\codes\\models\\yolov5\\train.py\", line 195, in train\n"},"type":"ws_msg"}
{"payload":{"local_timestamp":1693939017668,"stderr":true,"stdout":"    "},"type":"ws_msg"}
{"payload":{"local_timestamp":1693939017668,"stderr":true,"stdout":"train_loader, dataset = create_dataloader(train_path,"},"type":"ws_msg"}
{"payload":{"local_timestamp":1693939017669,"stderr":true,"stdout":"\n"},"type":"ws_msg"}
{"payload":{"local_timestamp":1693939017669,"stderr":true,"stdout":" "},"type":"ws_msg"}
{"payload":{"local_timestamp":1693939017669,"stderr":true,"stdout":" "},"type":"ws_msg"}
{"payload":{"local_timestamp":1693939017669,"stderr":true,"stdout":" "},"type":"ws_msg"}
{"payload":{"local_timestamp":1693939017669,"stderr":true,"stdout":" "},"type":"ws_msg"}
{"payload":{"local_timestamp":1693939017669,"stderr":true,"stdout":" "},"type":"ws_msg"}
{"payload":{"local_timestamp":1693939017669,"stderr":true,"stdout":" "},"type":"ws_msg"}
{"payload":{"local_timestamp":1693939017669,"stderr":true,"stdout":" "},"type":"ws_msg"}
{"payload":{"local_timestamp":1693939017669,"stderr":true,"stdout":" "},"type":"ws_msg"}
{"payload":{"local_timestamp":1693939017669,"stderr":true,"stdout":" "},"type":"ws_msg"}
{"payload":{"local_timestamp":1693939017669,"stderr":true,"stdout":" "},"type":"ws_msg"}
{"payload":{"local_timestamp":1693939017669,"stderr":true,"stdout":" "},"type":"ws_msg"}
{"payload":{"local_timestamp":1693939017669,"stderr":true,"stdout":" "},"type":"ws_msg"}
{"payload":{"local_timestamp":1693939017669,"stderr":true,"stdout":" "},"type":"ws_msg"}
{"payload":{"local_timestamp":1693939017669,"stderr":true,"stdout":" "},"type":"ws_msg"}
{"payload":{"local_timestamp":1693939017669,"stderr":true,"stdout":" "},"type":"ws_msg"}
{"payload":{"local_timestamp":1693939017669,"stderr":true,"stdout":" "},"type":"ws_msg"}
{"payload":{"local_timestamp":1693939017669,"stderr":true,"stdout":" "},"type":"ws_msg"}
{"payload":{"local_timestamp":1693939017669,"stderr":true,"stdout":" "},"type":"ws_msg"}
{"payload":{"local_timestamp":1693939017669,"stderr":true,"stdout":" "},"type":"ws_msg"}
{"payload":{"local_timestamp":1693939017669,"stderr":true,"stdout":" "},"type":"ws_msg"}
{"payload":{"local_timestamp":1693939017669,"stderr":true,"stdout":" "},"type":"ws_msg"}
{"payload":{"local_timestamp":1693939017669,"stderr":true,"stdout":" "},"type":"ws_msg"}
{"payload":{"local_timestamp":1693939017669,"stderr":true,"stdout":" "},"type":"ws_msg"}
{"payload":{"local_timestamp":1693939017669,"stderr":true,"stdout":" "},"type":"ws_msg"}
{"payload":{"local_timestamp":1693939017669,"stderr":true,"stdout":" "},"type":"ws_msg"}
{"payload":{"local_timestamp":1693939017669,"stderr":true,"stdout":" "},"type":"ws_msg"}
{"payload":{"local_timestamp":1693939017669,"stderr":true,"stdout":" "},"type":"ws_msg"}
{"payload":{"local_timestamp":1693939017669,"stderr":true,"stdout":" "},"type":"ws_msg"}
{"payload":{"local_timestamp":1693939017669,"stderr":true,"stdout":"^"},"type":"ws_msg"}
{"payload":{"local_timestamp":1693939017669,"stderr":true,"stdout":"^"},"type":"ws_msg"}
{"payload":{"local_timestamp":1693939017669,"stderr":true,"stdout":"^"},"type":"ws_msg"}
{"payload":{"local_timestamp":1693939017669,"stderr":true,"stdout":"^"},"type":"ws_msg"}
{"payload":{"local_timestamp":1693939017669,"stderr":true,"stdout":"^"},"type":"ws_msg"}
{"payload":{"local_timestamp":1693939017669,"stderr":true,"stdout":"^"},"type":"ws_msg"}
{"payload":{"local_timestamp":1693939017669,"stderr":true,"stdout":"^"},"type":"ws_msg"}
{"payload":{"local_timestamp":1693939017669,"stderr":true,"stdout":"^"},"type":"ws_msg"}
{"payload":{"local_timestamp":1693939017669,"stderr":true,"stdout":"^"},"type":"ws_msg"}
{"payload":{"local_timestamp":1693939017669,"stderr":true,"stdout":"^"},"type":"ws_msg"}
{"payload":{"local_timestamp":1693939017669,"stderr":true,"stdout":"^"},"type":"ws_msg"}
{"payload":{"local_timestamp":1693939017669,"stderr":true,"stdout":"^"},"type":"ws_msg"}
{"payload":{"local_timestamp":1693939017669,"stderr":true,"stdout":"^"},"type":"ws_msg"}
{"payload":{"local_timestamp":1693939017669,"stderr":true,"stdout":"^"},"type":"ws_msg"}
{"payload":{"local_timestamp":1693939017669,"stderr":true,"stdout":"^"},"type":"ws_msg"}
{"payload":{"local_timestamp":1693939017669,"stderr":true,"stdout":"^"},"type":"ws_msg"}
{"payload":{"local_timestamp":1693939017669,"stderr":true,"stdout":"^"},"type":"ws_msg"}
{"payload":{"local_timestamp":1693939017669,"stderr":true,"stdout":"^"},"type":"ws_msg"}
{"payload":{"local_timestamp":1693939017669,"stderr":true,"stdout":"^"},"type":"ws_msg"}
{"payload":{"local_timestamp":1693939017669,"stderr":true,"stdout":"^"},"type":"ws_msg"}
{"payload":{"local_timestamp":1693939017669,"stderr":true,"stdout":"^"},"type":"ws_msg"}
{"payload":{"local_timestamp":1693939017669,"stderr":true,"stdout":"^"},"type":"ws_msg"}
{"payload":{"local_timestamp":1693939017669,"stderr":true,"stdout":"^"},"type":"ws_msg"}
{"payload":{"local_timestamp":1693939017669,"stderr":true,"stdout":"^"},"type":"ws_msg"}
{"payload":{"local_timestamp":1693939017669,"stderr":true,"stdout":"^"},"type":"ws_msg"}
{"payload":{"local_timestamp":1693939017669,"stderr":true,"stdout":"^"},"type":"ws_msg"}
{"payload":{"local_timestamp":1693939017669,"stderr":true,"stdout":"^"},"type":"ws_msg"}
{"payload":{"local_timestamp":1693939017669,"stderr":true,"stdout":"^"},"type":"ws_msg"}
{"payload":{"local_timestamp":1693939017669,"stderr":true,"stdout":"^"},"type":"ws_msg"}
{"payload":{"local_timestamp":1693939017669,"stderr":true,"stdout":"\n"},"type":"ws_msg"}
{"payload":{"local_timestamp":1693939017669,"stderr":true,"stdout":"  File \"H:\\\ub0b4 \ub4dc\ub77c\uc774\ube0c\\0. Run\\1. Research\\2. HangingObjectDetection\\HOD\\codes\\models\\yolov5\\utils\\dataloaders.py\", line 124, in create_dataloader\n"},"type":"ws_msg"}
{"payload":{"local_timestamp":1693939017671,"stderr":true,"stdout":"    "},"type":"ws_msg"}
{"payload":{"local_timestamp":1693939017671,"stderr":true,"stdout":"dataset = LoadImagesAndLabels("},"type":"ws_msg"}
{"payload":{"local_timestamp":1693939017671,"stderr":true,"stdout":"\n"},"type":"ws_msg"}
{"payload":{"local_timestamp":1693939017671,"stderr":true,"stdout":" "},"type":"ws_msg"}
{"payload":{"local_timestamp":1693939017671,"stderr":true,"stdout":" "},"type":"ws_msg"}
{"payload":{"local_timestamp":1693939017671,"stderr":true,"stdout":" "},"type":"ws_msg"}
{"payload":{"local_timestamp":1693939017671,"stderr":true,"stdout":" "},"type":"ws_msg"}
{"payload":{"local_timestamp":1693939017671,"stderr":true,"stdout":" "},"type":"ws_msg"}
{"payload":{"local_timestamp":1693939017671,"stderr":true,"stdout":" "},"type":"ws_msg"}
{"payload":{"local_timestamp":1693939017671,"stderr":true,"stdout":" "},"type":"ws_msg"}
{"payload":{"local_timestamp":1693939017671,"stderr":true,"stdout":" "},"type":"ws_msg"}
{"payload":{"local_timestamp":1693939017671,"stderr":true,"stdout":" "},"type":"ws_msg"}
{"payload":{"local_timestamp":1693939017671,"stderr":true,"stdout":" "},"type":"ws_msg"}
{"payload":{"local_timestamp":1693939017671,"stderr":true,"stdout":" "},"type":"ws_msg"}
{"payload":{"local_timestamp":1693939017671,"stderr":true,"stdout":" "},"type":"ws_msg"}
{"payload":{"local_timestamp":1693939017671,"stderr":true,"stdout":" "},"type":"ws_msg"}
{"payload":{"local_timestamp":1693939017671,"stderr":true,"stdout":" "},"type":"ws_msg"}
{"payload":{"local_timestamp":1693939017672,"stderr":true,"stdout":"^"},"type":"ws_msg"}
{"payload":{"local_timestamp":1693939017672,"stderr":true,"stdout":"^"},"type":"ws_msg"}
{"payload":{"local_timestamp":1693939017672,"stderr":true,"stdout":"^"},"type":"ws_msg"}
{"payload":{"local_timestamp":1693939017672,"stderr":true,"stdout":"^"},"type":"ws_msg"}
{"payload":{"local_timestamp":1693939017672,"stderr":true,"stdout":"^"},"type":"ws_msg"}
{"payload":{"local_timestamp":1693939017672,"stderr":true,"stdout":"^"},"type":"ws_msg"}
{"payload":{"local_timestamp":1693939017672,"stderr":true,"stdout":"^"},"type":"ws_msg"}
{"payload":{"local_timestamp":1693939017672,"stderr":true,"stdout":"^"},"type":"ws_msg"}
{"payload":{"local_timestamp":1693939017672,"stderr":true,"stdout":"^"},"type":"ws_msg"}
{"payload":{"local_timestamp":1693939017672,"stderr":true,"stdout":"^"},"type":"ws_msg"}
{"payload":{"local_timestamp":1693939017672,"stderr":true,"stdout":"^"},"type":"ws_msg"}
{"payload":{"local_timestamp":1693939017672,"stderr":true,"stdout":"^"},"type":"ws_msg"}
{"payload":{"local_timestamp":1693939017672,"stderr":true,"stdout":"^"},"type":"ws_msg"}
{"payload":{"local_timestamp":1693939017672,"stderr":true,"stdout":"^"},"type":"ws_msg"}
{"payload":{"local_timestamp":1693939017672,"stderr":true,"stdout":"^"},"type":"ws_msg"}
{"payload":{"local_timestamp":1693939017672,"stderr":true,"stdout":"^"},"type":"ws_msg"}
{"payload":{"local_timestamp":1693939017672,"stderr":true,"stdout":"^"},"type":"ws_msg"}
{"payload":{"local_timestamp":1693939017672,"stderr":true,"stdout":"^"},"type":"ws_msg"}
{"payload":{"local_timestamp":1693939017672,"stderr":true,"stdout":"^"},"type":"ws_msg"}
{"payload":{"local_timestamp":1693939017672,"stderr":true,"stdout":"^"},"type":"ws_msg"}
{"payload":{"local_timestamp":1693939017672,"stderr":true,"stdout":"\n"},"type":"ws_msg"}
{"payload":{"local_timestamp":1693939017672,"stderr":true,"stdout":"  File \"H:\\\ub0b4 \ub4dc\ub77c\uc774\ube0c\\0. Run\\1. Research\\2. HangingObjectDetection\\HOD\\codes\\models\\yolov5\\utils\\dataloaders.py\", line 502, in __init__\n"},"type":"ws_msg"}
{"payload":{"local_timestamp":1693939017674,"stderr":true,"stdout":"    "},"type":"ws_msg"}
{"payload":{"local_timestamp":1693939017674,"stderr":true,"stdout":"assert nf > 0 or not augment, f'{prefix}No labels found in {cache_path}, can not start training. {HELP_URL}'"},"type":"ws_msg"}
{"payload":{"local_timestamp":1693939017674,"stderr":true,"stdout":"\n"},"type":"ws_msg"}
{"payload":{"local_timestamp":1693939017674,"stderr":true,"stdout":" "},"type":"ws_msg"}
{"payload":{"local_timestamp":1693939017674,"stderr":true,"stdout":" "},"type":"ws_msg"}
{"payload":{"local_timestamp":1693939017674,"stderr":true,"stdout":" "},"type":"ws_msg"}
{"payload":{"local_timestamp":1693939017674,"stderr":true,"stdout":" "},"type":"ws_msg"}
{"payload":{"local_timestamp":1693939017675,"stderr":true,"stdout":" "},"type":"ws_msg"}
{"payload":{"local_timestamp":1693939017675,"stderr":true,"stdout":" "},"type":"ws_msg"}
{"payload":{"local_timestamp":1693939017675,"stderr":true,"stdout":" "},"type":"ws_msg"}
{"payload":{"local_timestamp":1693939017675,"stderr":true,"stdout":" "},"type":"ws_msg"}
{"payload":{"local_timestamp":1693939017675,"stderr":true,"stdout":" "},"type":"ws_msg"}
{"payload":{"local_timestamp":1693939017675,"stderr":true,"stdout":" "},"type":"ws_msg"}
{"payload":{"local_timestamp":1693939017675,"stderr":true,"stdout":" "},"type":"ws_msg"}
{"payload":{"local_timestamp":1693939017675,"stderr":true,"stdout":"^"},"type":"ws_msg"}
{"payload":{"local_timestamp":1693939017675,"stderr":true,"stdout":"^"},"type":"ws_msg"}
{"payload":{"local_timestamp":1693939017675,"stderr":true,"stdout":"^"},"type":"ws_msg"}
{"payload":{"local_timestamp":1693939017675,"stderr":true,"stdout":"^"},"type":"ws_msg"}
{"payload":{"local_timestamp":1693939017675,"stderr":true,"stdout":"^"},"type":"ws_msg"}
{"payload":{"local_timestamp":1693939017675,"stderr":true,"stdout":"^"},"type":"ws_msg"}
{"payload":{"local_timestamp":1693939017675,"stderr":true,"stdout":"\n"},"type":"ws_msg"}
{"payload":{"local_timestamp":1693939017675,"stderr":true,"stdout":"AssertionError"},"type":"ws_msg"}
{"payload":{"local_timestamp":1693939017675,"stderr":true,"stdout":": "},"type":"ws_msg"}
{"payload":{"local_timestamp":1693939017675,"stderr":true,"stdout":"\u001b[34m\u001b[1mtrain: \u001b[0mNo labels found in H:\\\ub0b4 \ub4dc\ub77c\uc774\ube0c\\0. Run\\1. Research\\2. HangingObjectDetection\\HOD\\datasets\\sample\\images_train.cache, can not start training. See https://docs.ultralytics.com/yolov5/tutorials/train_custom_data"},"type":"ws_msg"}
{"payload":{"local_timestamp":1693939017675,"stderr":true,"stdout":"\n"},"type":"ws_msg"}
{"payload":{"additional_params":{"assetId":"ca614c6d836141bfa9a945ab68588822","context":null,"epoch":null,"extension":"yml","fileName":"conda-environment.yml","overwrite":false,"runId":null,"step":null,"type":"conda-environment-definition"},"clean":true,"file_path":"tmp1z6igmkm","local_timestamp":1693939019163,"metadata":{},"upload_type":"conda-environment-definition"},"type":"file_upload"}
{"payload":{"additional_params":{"assetId":"2502491847074da0a2a055382b30cca8","context":null,"epoch":null,"extension":"txt","fileName":"conda-spec.txt","overwrite":false,"runId":null,"step":null,"type":"conda-specification"},"clean":true,"file_path":"tmpnu5o7i2n","local_timestamp":1693939019556,"metadata":{},"upload_type":"conda-specification"},"type":"file_upload"}
{"payload":{"additional_params":{"assetId":"3361779f4fe14329b353deaa10061992","context":null,"epoch":null,"extension":"yml","fileName":"conda-info.yml","overwrite":false,"runId":null,"step":null,"type":"conda-info"},"clean":true,"file_path":"tmp_is3wte0","local_timestamp":1693939020106,"metadata":{},"upload_type":"conda-info"},"type":"file_upload"}
{"payload":{"local_timestamp":1693939020108,"stderr":true,"stdout":"\u001b[1;38;5;39mCOMET INFO:\u001b[0m ---------------------------------------------------------------------------------------\n"},"type":"ws_msg"}
{"payload":{"local_timestamp":1693939020108,"stderr":true,"stdout":"\u001b[1;38;5;39mCOMET INFO:\u001b[0m Comet.ml OfflineExperiment Summary\n"},"type":"ws_msg"}
{"payload":{"local_timestamp":1693939020109,"stderr":true,"stdout":"\u001b[1;38;5;39mCOMET INFO:\u001b[0m ---------------------------------------------------------------------------------------\n"},"type":"ws_msg"}
{"payload":{"local_timestamp":1693939020109,"stderr":true,"stdout":"\u001b[1;38;5;39mCOMET INFO:\u001b[0m   Data:\n"},"type":"ws_msg"}
{"payload":{"local_timestamp":1693939020109,"stderr":true,"stdout":"\u001b[1;38;5;39mCOMET INFO:\u001b[0m     display_summary_level : 1\n"},"type":"ws_msg"}
{"payload":{"local_timestamp":1693939020109,"stderr":true,"stdout":"\u001b[1;38;5;39mCOMET INFO:\u001b[0m     url                   : [OfflineExperiment will get URL after upload]\n"},"type":"ws_msg"}
{"payload":{"local_timestamp":1693939020109,"stderr":true,"stdout":"\u001b[1;38;5;39mCOMET INFO:\u001b[0m   Others:\n"},"type":"ws_msg"}
{"payload":{"local_timestamp":1693939020110,"stderr":true,"stdout":"\u001b[1;38;5;39mCOMET INFO:\u001b[0m     Created from                : YOLOv5\n"},"type":"ws_msg"}
{"payload":{"local_timestamp":1693939020110,"stderr":true,"stdout":"\u001b[1;38;5;39mCOMET INFO:\u001b[0m     Name                        : exp\n"},"type":"ws_msg"}
{"payload":{"local_timestamp":1693939020110,"stderr":true,"stdout":"\u001b[1;38;5;39mCOMET INFO:\u001b[0m     comet_log_batch_metrics     : False\n"},"type":"ws_msg"}
{"payload":{"local_timestamp":1693939020110,"stderr":true,"stdout":"\u001b[1;38;5;39mCOMET INFO:\u001b[0m     comet_log_confusion_matrix  : True\n"},"type":"ws_msg"}
{"payload":{"local_timestamp":1693939020110,"stderr":true,"stdout":"\u001b[1;38;5;39mCOMET INFO:\u001b[0m     comet_log_per_class_metrics : False\n"},"type":"ws_msg"}
{"payload":{"local_timestamp":1693939020111,"stderr":true,"stdout":"\u001b[1;38;5;39mCOMET INFO:\u001b[0m     comet_max_image_uploads     : 100\n"},"type":"ws_msg"}
{"payload":{"local_timestamp":1693939020111,"stderr":true,"stdout":"\u001b[1;38;5;39mCOMET INFO:\u001b[0m     comet_mode                  : online\n"},"type":"ws_msg"}
{"payload":{"local_timestamp":1693939020111,"stderr":true,"stdout":"\u001b[1;38;5;39mCOMET INFO:\u001b[0m     comet_model_name            : yolov5\n"},"type":"ws_msg"}
{"payload":{"local_timestamp":1693939020111,"stderr":true,"stdout":"\u001b[1;38;5;39mCOMET INFO:\u001b[0m     hasNestedParams             : True\n"},"type":"ws_msg"}
{"payload":{"local_timestamp":1693939020111,"stderr":true,"stdout":"\u001b[1;38;5;39mCOMET INFO:\u001b[0m     offline_experiment          : True\n"},"type":"ws_msg"}
{"payload":{"local_timestamp":1693939020112,"stderr":true,"stdout":"\u001b[1;38;5;39mCOMET INFO:\u001b[0m   Parameters:\n"},"type":"ws_msg"}
{"payload":{"local_timestamp":1693939020112,"stderr":true,"stdout":"\u001b[1;38;5;39mCOMET INFO:\u001b[0m     anchor_t            : 4.0\n"},"type":"ws_msg"}
{"payload":{"local_timestamp":1693939020112,"stderr":true,"stdout":"\u001b[1;38;5;39mCOMET INFO:\u001b[0m     artifact_alias      : latest\n"},"type":"ws_msg"}
{"payload":{"local_timestamp":1693939020112,"stderr":true,"stdout":"\u001b[1;38;5;39mCOMET INFO:\u001b[0m     batch_size          : 16\n"},"type":"ws_msg"}
{"payload":{"local_timestamp":1693939020112,"stderr":true,"stdout":"\u001b[1;38;5;39mCOMET INFO:\u001b[0m     bbox_interval       : -1\n"},"type":"ws_msg"}
{"payload":{"local_timestamp":1693939020113,"stderr":true,"stdout":"\u001b[1;38;5;39mCOMET INFO:\u001b[0m     box                 : 0.05\n"},"type":"ws_msg"}
{"payload":{"local_timestamp":1693939020113,"stderr":true,"stdout":"\u001b[1;38;5;39mCOMET INFO:\u001b[0m     bucket              : \n"},"type":"ws_msg"}
{"payload":{"local_timestamp":1693939020113,"stderr":true,"stdout":"\u001b[1;38;5;39mCOMET INFO:\u001b[0m     cache               : 1\n"},"type":"ws_msg"}
{"payload":{"local_timestamp":1693939020113,"stderr":true,"stdout":"\u001b[1;38;5;39mCOMET INFO:\u001b[0m     cfg                 : \n"},"type":"ws_msg"}
{"payload":{"local_timestamp":1693939020113,"stderr":true,"stdout":"\u001b[1;38;5;39mCOMET INFO:\u001b[0m     cls                 : 0.5\n"},"type":"ws_msg"}
{"payload":{"local_timestamp":1693939020114,"stderr":true,"stdout":"\u001b[1;38;5;39mCOMET INFO:\u001b[0m     cls_pw              : 1.0\n"},"type":"ws_msg"}
{"payload":{"local_timestamp":1693939020114,"stderr":true,"stdout":"\u001b[1;38;5;39mCOMET INFO:\u001b[0m     copy_paste          : 0.0\n"},"type":"ws_msg"}
{"payload":{"local_timestamp":1693939020114,"stderr":true,"stdout":"\u001b[1;38;5;39mCOMET INFO:\u001b[0m     cos_lr              : False\n"},"type":"ws_msg"}
{"payload":{"local_timestamp":1693939020114,"stderr":true,"stdout":"\u001b[1;38;5;39mCOMET INFO:\u001b[0m     degrees             : 0.0\n"},"type":"ws_msg"}
{"payload":{"local_timestamp":1693939020115,"stderr":true,"stdout":"\u001b[1;38;5;39mCOMET INFO:\u001b[0m     device              : \n"},"type":"ws_msg"}
{"payload":{"local_timestamp":1693939020115,"stderr":true,"stdout":"\u001b[1;38;5;39mCOMET INFO:\u001b[0m     entity              : 1\n"},"type":"ws_msg"}
{"payload":{"local_timestamp":1693939020115,"stderr":true,"stdout":"\u001b[1;38;5;39mCOMET INFO:\u001b[0m     evolve              : 1\n"},"type":"ws_msg"}
{"payload":{"local_timestamp":1693939020115,"stderr":true,"stdout":"\u001b[1;38;5;39mCOMET INFO:\u001b[0m     exist_ok            : False\n"},"type":"ws_msg"}
{"payload":{"local_timestamp":1693939020115,"stderr":true,"stdout":"\u001b[1;38;5;39mCOMET INFO:\u001b[0m     fl_gamma            : 0.0\n"},"type":"ws_msg"}
{"payload":{"local_timestamp":1693939020116,"stderr":true,"stdout":"\u001b[1;38;5;39mCOMET INFO:\u001b[0m     fliplr              : 0.5\n"},"type":"ws_msg"}
{"payload":{"local_timestamp":1693939020116,"stderr":true,"stdout":"\u001b[1;38;5;39mCOMET INFO:\u001b[0m     flipud              : 0.0\n"},"type":"ws_msg"}
{"payload":{"local_timestamp":1693939020116,"stderr":true,"stdout":"\u001b[1;38;5;39mCOMET INFO:\u001b[0m     freeze              : [0]\n"},"type":"ws_msg"}
{"payload":{"local_timestamp":1693939020116,"stderr":true,"stdout":"\u001b[1;38;5;39mCOMET INFO:\u001b[0m     hsv_h               : 0.015\n"},"type":"ws_msg"}
{"payload":{"local_timestamp":1693939020116,"stderr":true,"stdout":"\u001b[1;38;5;39mCOMET INFO:\u001b[0m     hsv_s               : 0.7\n"},"type":"ws_msg"}
{"payload":{"local_timestamp":1693939020116,"stderr":true,"stdout":"\u001b[1;38;5;39mCOMET INFO:\u001b[0m     hsv_v               : 0.4\n"},"type":"ws_msg"}
{"payload":{"local_timestamp":1693939020117,"stderr":true,"stdout":"\u001b[1;38;5;39mCOMET INFO:\u001b[0m     hyp|anchor_t        : 4.0\n"},"type":"ws_msg"}
{"payload":{"local_timestamp":1693939020117,"stderr":true,"stdout":"\u001b[1;38;5;39mCOMET INFO:\u001b[0m     hyp|box             : 0.05\n"},"type":"ws_msg"}
{"payload":{"local_timestamp":1693939020117,"stderr":true,"stdout":"\u001b[1;38;5;39mCOMET INFO:\u001b[0m     hyp|cls             : 0.5\n"},"type":"ws_msg"}
{"payload":{"local_timestamp":1693939020117,"stderr":true,"stdout":"\u001b[1;38;5;39mCOMET INFO:\u001b[0m     hyp|cls_pw          : 1.0\n"},"type":"ws_msg"}
{"payload":{"local_timestamp":1693939020117,"stderr":true,"stdout":"\u001b[1;38;5;39mCOMET INFO:\u001b[0m     hyp|copy_paste      : 0.0\n"},"type":"ws_msg"}
{"payload":{"local_timestamp":1693939020117,"stderr":true,"stdout":"\u001b[1;38;5;39mCOMET INFO:\u001b[0m     hyp|degrees         : 0.0\n"},"type":"ws_msg"}
{"payload":{"local_timestamp":1693939020118,"stderr":true,"stdout":"\u001b[1;38;5;39mCOMET INFO:\u001b[0m     hyp|fl_gamma        : 0.0\n"},"type":"ws_msg"}
{"payload":{"local_timestamp":1693939020118,"stderr":true,"stdout":"\u001b[1;38;5;39mCOMET INFO:\u001b[0m     hyp|fliplr          : 0.5\n"},"type":"ws_msg"}
{"payload":{"local_timestamp":1693939020118,"stderr":true,"stdout":"\u001b[1;38;5;39mCOMET INFO:\u001b[0m     hyp|flipud          : 0.0\n"},"type":"ws_msg"}
{"payload":{"local_timestamp":1693939020118,"stderr":true,"stdout":"\u001b[1;38;5;39mCOMET INFO:\u001b[0m     hyp|hsv_h           : 0.015\n"},"type":"ws_msg"}
{"payload":{"local_timestamp":1693939020118,"stderr":true,"stdout":"\u001b[1;38;5;39mCOMET INFO:\u001b[0m     hyp|hsv_s           : 0.7\n"},"type":"ws_msg"}
{"payload":{"local_timestamp":1693939020119,"stderr":true,"stdout":"\u001b[1;38;5;39mCOMET INFO:\u001b[0m     hyp|hsv_v           : 0.4\n"},"type":"ws_msg"}
{"payload":{"local_timestamp":1693939020119,"stderr":true,"stdout":"\u001b[1;38;5;39mCOMET INFO:\u001b[0m     hyp|iou_t           : 0.2\n"},"type":"ws_msg"}
{"payload":{"local_timestamp":1693939020119,"stderr":true,"stdout":"\u001b[1;38;5;39mCOMET INFO:\u001b[0m     hyp|lr0             : 0.01\n"},"type":"ws_msg"}
{"payload":{"local_timestamp":1693939020119,"stderr":true,"stdout":"\u001b[1;38;5;39mCOMET INFO:\u001b[0m     hyp|lrf             : 0.01\n"},"type":"ws_msg"}
{"payload":{"local_timestamp":1693939020119,"stderr":true,"stdout":"\u001b[1;38;5;39mCOMET INFO:\u001b[0m     hyp|mixup           : 0.0\n"},"type":"ws_msg"}
{"payload":{"local_timestamp":1693939020120,"stderr":true,"stdout":"\u001b[1;38;5;39mCOMET INFO:\u001b[0m     hyp|momentum        : 0.937\n"},"type":"ws_msg"}
{"payload":{"local_timestamp":1693939020120,"stderr":true,"stdout":"\u001b[1;38;5;39mCOMET INFO:\u001b[0m     hyp|mosaic          : 1.0\n"},"type":"ws_msg"}
{"payload":{"local_timestamp":1693939020120,"stderr":true,"stdout":"\u001b[1;38;5;39mCOMET INFO:\u001b[0m     hyp|obj             : 1.0\n"},"type":"ws_msg"}
{"payload":{"local_timestamp":1693939020120,"stderr":true,"stdout":"\u001b[1;38;5;39mCOMET INFO:\u001b[0m     hyp|obj_pw          : 1.0\n"},"type":"ws_msg"}
{"payload":{"local_timestamp":1693939020121,"stderr":true,"stdout":"\u001b[1;38;5;39mCOMET INFO:\u001b[0m     hyp|perspective     : 0.0\n"},"type":"ws_msg"}
{"payload":{"local_timestamp":1693939020121,"stderr":true,"stdout":"\u001b[1;38;5;39mCOMET INFO:\u001b[0m     hyp|scale           : 0.5\n"},"type":"ws_msg"}
{"payload":{"local_timestamp":1693939020121,"stderr":true,"stdout":"\u001b[1;38;5;39mCOMET INFO:\u001b[0m     hyp|shear           : 0.0\n"},"type":"ws_msg"}
{"payload":{"local_timestamp":1693939020121,"stderr":true,"stdout":"\u001b[1;38;5;39mCOMET INFO:\u001b[0m     hyp|translate       : 0.1\n"},"type":"ws_msg"}
{"payload":{"local_timestamp":1693939020121,"stderr":true,"stdout":"\u001b[1;38;5;39mCOMET INFO:\u001b[0m     hyp|warmup_bias_lr  : 0.1\n"},"type":"ws_msg"}
{"payload":{"local_timestamp":1693939020122,"stderr":true,"stdout":"\u001b[1;38;5;39mCOMET INFO:\u001b[0m     hyp|warmup_epochs   : 3.0\n"},"type":"ws_msg"}
{"payload":{"local_timestamp":1693939020122,"stderr":true,"stdout":"\u001b[1;38;5;39mCOMET INFO:\u001b[0m     hyp|warmup_momentum : 0.8\n"},"type":"ws_msg"}
{"payload":{"local_timestamp":1693939020122,"stderr":true,"stdout":"\u001b[1;38;5;39mCOMET INFO:\u001b[0m     hyp|weight_decay    : 0.0005\n"},"type":"ws_msg"}
{"payload":{"local_timestamp":1693939020122,"stderr":true,"stdout":"\u001b[1;38;5;39mCOMET INFO:\u001b[0m     image_weights       : False\n"},"type":"ws_msg"}
{"payload":{"local_timestamp":1693939020122,"stderr":true,"stdout":"\u001b[1;38;5;39mCOMET INFO:\u001b[0m     imgsz               : 640\n"},"type":"ws_msg"}
{"payload":{"local_timestamp":1693939020123,"stderr":true,"stdout":"\u001b[1;38;5;39mCOMET INFO:\u001b[0m     iou_t               : 0.2\n"},"type":"ws_msg"}
{"payload":{"local_timestamp":1693939020123,"stderr":true,"stdout":"\u001b[1;38;5;39mCOMET INFO:\u001b[0m     label_smoothing     : 0.0\n"},"type":"ws_msg"}
{"payload":{"local_timestamp":1693939020123,"stderr":true,"stdout":"\u001b[1;38;5;39mCOMET INFO:\u001b[0m     local_rank          : -1\n"},"type":"ws_msg"}
{"payload":{"local_timestamp":1693939020123,"stderr":true,"stdout":"\u001b[1;38;5;39mCOMET INFO:\u001b[0m     lr0                 : 0.01\n"},"type":"ws_msg"}
{"payload":{"local_timestamp":1693939020123,"stderr":true,"stdout":"\u001b[1;38;5;39mCOMET INFO:\u001b[0m     lrf                 : 0.01\n"},"type":"ws_msg"}
{"payload":{"local_timestamp":1693939020124,"stderr":true,"stdout":"\u001b[1;38;5;39mCOMET INFO:\u001b[0m     mixup               : 0.0\n"},"type":"ws_msg"}
{"payload":{"local_timestamp":1693939020124,"stderr":true,"stdout":"\u001b[1;38;5;39mCOMET INFO:\u001b[0m     momentum            : 0.937\n"},"type":"ws_msg"}
{"payload":{"local_timestamp":1693939020124,"stderr":true,"stdout":"\u001b[1;38;5;39mCOMET INFO:\u001b[0m     mosaic              : 1.0\n"},"type":"ws_msg"}
{"payload":{"local_timestamp":1693939020124,"stderr":true,"stdout":"\u001b[1;38;5;39mCOMET INFO:\u001b[0m     multi_scale         : False\n"},"type":"ws_msg"}
{"payload":{"local_timestamp":1693939020124,"stderr":true,"stdout":"\u001b[1;38;5;39mCOMET INFO:\u001b[0m     name                : exp\n"},"type":"ws_msg"}
{"payload":{"local_timestamp":1693939020124,"stderr":true,"stdout":"\u001b[1;38;5;39mCOMET INFO:\u001b[0m     noautoanchor        : False\n"},"type":"ws_msg"}
{"payload":{"local_timestamp":1693939020125,"stderr":true,"stdout":"\u001b[1;38;5;39mCOMET INFO:\u001b[0m     noplots             : False\n"},"type":"ws_msg"}
{"payload":{"local_timestamp":1693939020125,"stderr":true,"stdout":"\u001b[1;38;5;39mCOMET INFO:\u001b[0m     nosave              : False\n"},"type":"ws_msg"}
{"payload":{"local_timestamp":1693939020125,"stderr":true,"stdout":"\u001b[1;38;5;39mCOMET INFO:\u001b[0m     noval               : False\n"},"type":"ws_msg"}
{"payload":{"local_timestamp":1693939020125,"stderr":true,"stdout":"\u001b[1;38;5;39mCOMET INFO:\u001b[0m     obj                 : 1.0\n"},"type":"ws_msg"}
{"payload":{"local_timestamp":1693939020125,"stderr":true,"stdout":"\u001b[1;38;5;39mCOMET INFO:\u001b[0m     obj_pw              : 1.0\n"},"type":"ws_msg"}
{"payload":{"local_timestamp":1693939020125,"stderr":true,"stdout":"\u001b[1;38;5;39mCOMET INFO:\u001b[0m     optimizer           : SGD\n"},"type":"ws_msg"}
{"payload":{"local_timestamp":1693939020126,"stderr":true,"stdout":"\u001b[1;38;5;39mCOMET INFO:\u001b[0m     patience            : 100\n"},"type":"ws_msg"}
{"payload":{"local_timestamp":1693939020126,"stderr":true,"stdout":"\u001b[1;38;5;39mCOMET INFO:\u001b[0m     perspective         : 0.0\n"},"type":"ws_msg"}
{"payload":{"local_timestamp":1693939020126,"stderr":true,"stdout":"\u001b[1;38;5;39mCOMET INFO:\u001b[0m     project             : codes\\models\\yolov5\\runs\\train\n"},"type":"ws_msg"}
{"payload":{"local_timestamp":1693939020126,"stderr":true,"stdout":"\u001b[1;38;5;39mCOMET INFO:\u001b[0m     quad                : False\n"},"type":"ws_msg"}
{"payload":{"local_timestamp":1693939020127,"stderr":true,"stdout":"\u001b[1;38;5;39mCOMET INFO:\u001b[0m     rect                : False\n"},"type":"ws_msg"}
{"payload":{"local_timestamp":1693939020127,"stderr":true,"stdout":"\u001b[1;38;5;39mCOMET INFO:\u001b[0m     resume              : False\n"},"type":"ws_msg"}
{"payload":{"local_timestamp":1693939020127,"stderr":true,"stdout":"\u001b[1;38;5;39mCOMET INFO:\u001b[0m     save_dir            : codes\\models\\yolov5\\runs\\train\\exp22\n"},"type":"ws_msg"}
{"payload":{"local_timestamp":1693939020127,"stderr":true,"stdout":"\u001b[1;38;5;39mCOMET INFO:\u001b[0m     save_period         : -1\n"},"type":"ws_msg"}
{"payload":{"local_timestamp":1693939020128,"stderr":true,"stdout":"\u001b[1;38;5;39mCOMET INFO:\u001b[0m     scale               : 0.5\n"},"type":"ws_msg"}
{"payload":{"local_timestamp":1693939020128,"stderr":true,"stdout":"\u001b[1;38;5;39mCOMET INFO:\u001b[0m     seed                : 0\n"},"type":"ws_msg"}
{"payload":{"local_timestamp":1693939020128,"stderr":true,"stdout":"\u001b[1;38;5;39mCOMET INFO:\u001b[0m     shear               : 0.0\n"},"type":"ws_msg"}
{"payload":{"local_timestamp":1693939020128,"stderr":true,"stdout":"\u001b[1;38;5;39mCOMET INFO:\u001b[0m     single_cls          : False\n"},"type":"ws_msg"}
{"payload":{"local_timestamp":1693939020129,"stderr":true,"stdout":"\u001b[1;38;5;39mCOMET INFO:\u001b[0m     sync_bn             : False\n"},"type":"ws_msg"}
{"payload":{"local_timestamp":1693939020129,"stderr":true,"stdout":"\u001b[1;38;5;39mCOMET INFO:\u001b[0m     translate           : 0.1\n"},"type":"ws_msg"}
{"payload":{"local_timestamp":1693939020129,"stderr":true,"stdout":"\u001b[1;38;5;39mCOMET INFO:\u001b[0m     upload_dataset      : False\n"},"type":"ws_msg"}
{"payload":{"local_timestamp":1693939020129,"stderr":true,"stdout":"\u001b[1;38;5;39mCOMET INFO:\u001b[0m     val_conf_threshold  : 0.001\n"},"type":"ws_msg"}
{"payload":{"local_timestamp":1693939020129,"stderr":true,"stdout":"\u001b[1;38;5;39mCOMET INFO:\u001b[0m     val_iou_threshold   : 0.6\n"},"type":"ws_msg"}
{"payload":{"local_timestamp":1693939020130,"stderr":true,"stdout":"\u001b[1;38;5;39mCOMET INFO:\u001b[0m     warmup_bias_lr      : 0.1\n"},"type":"ws_msg"}
{"payload":{"local_timestamp":1693939020130,"stderr":true,"stdout":"\u001b[1;38;5;39mCOMET INFO:\u001b[0m     warmup_epochs       : 3.0\n"},"type":"ws_msg"}
{"payload":{"local_timestamp":1693939020130,"stderr":true,"stdout":"\u001b[1;38;5;39mCOMET INFO:\u001b[0m     warmup_momentum     : 0.8\n"},"type":"ws_msg"}
{"payload":{"local_timestamp":1693939020130,"stderr":true,"stdout":"\u001b[1;38;5;39mCOMET INFO:\u001b[0m     weight_decay        : 0.0005\n"},"type":"ws_msg"}
{"payload":{"local_timestamp":1693939020130,"stderr":true,"stdout":"\u001b[1;38;5;39mCOMET INFO:\u001b[0m     weights             : codes\\models\\yolov5\\yolov5s.pt\n"},"type":"ws_msg"}
{"payload":{"local_timestamp":1693939020130,"stderr":true,"stdout":"\u001b[1;38;5;39mCOMET INFO:\u001b[0m     workers             : 8\n"},"type":"ws_msg"}
{"payload":{"local_timestamp":1693939020131,"stderr":true,"stdout":"\u001b[1;38;5;39mCOMET INFO:\u001b[0m   Uploads:\n"},"type":"ws_msg"}
{"payload":{"local_timestamp":1693939020131,"stderr":true,"stdout":"\u001b[1;38;5;39mCOMET INFO:\u001b[0m     asset                        : 3 (1.29 KB)\n"},"type":"ws_msg"}
{"payload":{"local_timestamp":1693939020131,"stderr":true,"stdout":"\u001b[1;38;5;39mCOMET INFO:\u001b[0m     conda-environment-definition : 1\n"},"type":"ws_msg"}
{"payload":{"local_timestamp":1693939020131,"stderr":true,"stdout":"\u001b[1;38;5;39mCOMET INFO:\u001b[0m     conda-info                   : 1\n"},"type":"ws_msg"}
{"payload":{"local_timestamp":1693939020131,"stderr":true,"stdout":"\u001b[1;38;5;39mCOMET INFO:\u001b[0m     conda-specification          : 1\n"},"type":"ws_msg"}
{"payload":{"local_timestamp":1693939020131,"stderr":true,"stdout":"\u001b[1;38;5;39mCOMET INFO:\u001b[0m     environment details          : 1\n"},"type":"ws_msg"}
{"payload":{"local_timestamp":1693939020132,"stderr":true,"stdout":"\u001b[1;38;5;39mCOMET INFO:\u001b[0m     git metadata                 : 1\n"},"type":"ws_msg"}
{"payload":{"local_timestamp":1693939020132,"stderr":true,"stdout":"\u001b[1;38;5;39mCOMET INFO:\u001b[0m     installed packages           : 1\n"},"type":"ws_msg"}
{"payload":{"local_timestamp":1693939020132,"stderr":true,"stdout":"\u001b[1;38;5;39mCOMET INFO:\u001b[0m \n"},"type":"ws_msg"}
